id,posted_date,posted_year,title,work_types,publication_classes,themes,product,center,source_byline,contributors,contributor_role,authors_roster_matched,roster_match_count,pdf,url
93933,2026-08-18,2026,Achievement and Growth Norms for Spanish MAP Reading Fluency Foundational Skills,Technical report,Technical / psychometric,Early learning; Item response theory; Measurement & scaling; Test design,MAP Reading Fluency,Measurement & Psychometrics,Wei He,Wei He,author,Wei He,1,https://www.nwea.org/uploads/Spanish-MRF-Foundational-Skills-Norms-Report-8-2026.pdf,https://www.nwea.org/research/publication/achievement-and-growth-norms-for-spanish-map-reading-fluency-foundational-skills-report/
97155,2026-08-17,2026,Technical Appendix for “Getting Algebra Placement Right: Expanding Opportunity and Strengthening Preparation”,Technical brief,Technical / psychometric,Empowering educators; Growth; Informing instruction; Math & STEM; Middle school,MAP Growth,NWEA Research,"Megan Kuhfeld, Daniel Long, Scott J. Peters",Megan Kuhfeld; Daniel Long; Scott J. Peters,author,Megan Kuhfeld; Daniel Long; Scott J. Peters,3,,https://www.nwea.org/research/publication/technical-appendix-for-getting-algebra-placement-right-expanding-opportunity-and-strengthening-preparation/
97152,2026-08-17,2026,Getting Algebra Placement Right: Expanding Opportunity and Strengthening Preparation,Research brief,Report / brief,Empowering educators; Growth; Informing instruction; Math & STEM; Middle school,MAP Growth,NWEA Research,"Megan Kuhfeld, Daniel Long, Scott J. Peters",Megan Kuhfeld; Daniel Long; Scott J. Peters,author,Megan Kuhfeld; Daniel Long; Scott J. Peters,3,https://www.nwea.org/uploads/getting-algebra-placement-right-expanding-opportunity-and-strengthening-preparation_NWEA_researchBrief.pdf,https://www.nwea.org/research/publication/getting-algebra-placement-right-expanding-opportunity-and-strengthening-preparation/
96927,2026-08-03,2026,How Post‑COVID Norm Shifts Change the Meaning of MAP Growth Metrics for School Accountability,White paper,Report / brief,COVID-19 & schools; Empowering educators; Growth; Guidance; Measurement & scaling; Student growth & accountability policies,MAP Growth,NWEA Research,Ayesha K. Hashim,Ayesha K. Hashim,author,Ayesha K. Hashim,1,https://www.nwea.org/uploads/how-post-covid-norm-shifts-change-the-meaning-of-map-growth-metrics-for-school-accountability_NWEA_whitePaper.pdf,https://www.nwea.org/research/publication/how-post%e2%80%91covid-norm-shifts-change-the-meaning-of-map-growth-metrics-for-school-accountability/
96887,2026-08-03,2026,Tech Appendix for Struggling adolescent readers left behind: Evidence of post-COVID-19 declines and pathways forward,Technical brief,Technical / psychometric,COVID-19 & schools; Empowering educators; Growth; Middle school; Reading & language arts,MAP Growth,NWEA Research,"Megan Kuhfeld, Naomi Duran, PhD, Karyn Lewis, Carrie Phillips, Samantha Musacchia",Megan Kuhfeld; Naomi Duran; Karyn Lewis; Carrie Phillips; Samantha Musacchia,author,Megan Kuhfeld; Naomi Duran; Karyn Lewis; Carrie Phillips; Samantha Musacchia,5,https://www.nwea.org/uploads/Adolescent-literacy_NWEA_Tech-appendix_2026.pdf,https://www.nwea.org/research/publication/tech-appendix-for-struggling-adolescent-readers-left-behind-evidence-of-post-covid-19-declines-and-pathways-forward/
96886,2026-08-03,2026,Struggling adolescent readers left behind: Evidence of post-COVID-19 declines and pathways forward,Research brief,Report / brief,COVID-19 & schools; Empowering educators; Growth; Middle school; Reading & language arts,MAP Growth,NWEA Research,"Megan Kuhfeld, Naomi Duran, PhD, Karyn Lewis, Carrie Phillips, Samantha Musacchia",Megan Kuhfeld; Naomi Duran; Karyn Lewis; Carrie Phillips; Samantha Musacchia,author,Megan Kuhfeld; Naomi Duran; Karyn Lewis; Carrie Phillips; Samantha Musacchia,5,https://www.nwea.org/uploads/struggling-adolescent-readers-left-behind-evidence-of-post-covid-19-declines-and-pathways-forward_NWEA_Research-brief.pdf,https://www.nwea.org/research/publication/struggling-adolescent-readers-left-behind-evidence-of-post-covid-19-declines-and-pathways-forward/
96532,2026-07-20,2026,Chronic absenteeism: A continued impediment to academic recovery,Research brief,Report / brief,COVID-19 & schools; Growth,MAP Growth,,"Sofia Postell, Emily Morton, Megan Kuhfeld",Sofia Postell; Emily Morton; Megan Kuhfeld,author,Sofia Postell; Emily Morton; Megan Kuhfeld,3,https://www.nwea.org/uploads/chronic-absenteeism-a-continued-impediment-to-academic-recovery_NWEA_researchBrief.pdf,https://www.nwea.org/research/publication/chronic-absenteeism-a-continued-impediment-to-academic-recovery/
96530,2026-07-20,2026,Technical Appendix for Chronic absenteeism: A continued impediment to academic recovery,Technical brief,Technical / psychometric,COVID-19 & schools; Growth,MAP Growth,NWEA Research,"Sofia Postell, Emily Morton, Megan Kuhfeld",Sofia Postell; Emily Morton; Megan Kuhfeld,author,Sofia Postell; Emily Morton; Megan Kuhfeld,3,https://www.nwea.org/uploads/Tech-appendix_chronic_absenteeism.pdf,https://www.nwea.org/research/publication/technical-appendix-for-chronic-absenteeism-a-continued-impediment-to-academic-recovery/
89129,2026-07-13,2026,2025 MAP Growth Norms Technical Manual,Technical report,Technical / psychometric,Measurement & scaling,MAP Growth,General,NWEA,NWEA,author,,0,https://www.nwea.org/uploads/MAP-Growth-Norms-Technical-Manual-1.pdf,https://www.nwea.org/research/publication/2025-map-growth-norms-technical-manual/
96333,2026-06-24,2026,Behind at the starting line: What Kindergarten test scores tell us about reaching proficiency in 3rd grade,Research brief,Report / brief,Early learning; Empowering educators; Growth; Informing instruction,MAP Growth,NWEA Research,"Megan Kuhfeld, Karyn Lewis, Emily Morton",Megan Kuhfeld; Karyn Lewis; Emily Morton,author,Megan Kuhfeld; Karyn Lewis; Emily Morton,3,https://www.nwea.org/uploads/Behind-the-starting-line-what-kindergartent-test-scores-tell-us-about-reaching-proficiency-in-third-grade_NWEA_researchBrief.pdf,https://www.nwea.org/research/publication/behind-at-the-starting-line-what-kindergarten-test-scores-tell-us-about-reaching-proficiency-in-3rd-grade/
96336,2026-06-24,2026,Technical Appendix for Behind at the starting line: What Kindergarten test scores tell us about reaching proficiency in 3rd grade,Technical brief,Technical / psychometric,Early learning; Empowering educators; Growth; Informing instruction,MAP Growth,NWEA Research,"Megan Kuhfeld, Karyn Lewis, Emily Morton",Megan Kuhfeld; Karyn Lewis; Emily Morton,author,Megan Kuhfeld; Karyn Lewis; Emily Morton,3,https://www.nwea.org/uploads/Tech-appendix_K3_ontrack_proficiency_FINAL.pdf,https://www.nwea.org/research/publication/technical-appendix-for-behind-at-the-starting-line-what-kindergarten-test-scores-tell-us-about-reaching-proficiency-in-3rd-grade/
94075,2026-04-27,2026,"Technical Appendix: Academically diverse classrooms, deeper needs — What teachers face after the pandemic",Technical brief,Technical / psychometric,COVID-19 & schools; Empowering educators; Growth; Informing instruction,MAP Growth,NWEA Research,"Megan Kuhfeld, Emily Morton, Karyn Lewis, Scott J. Peters",Megan Kuhfeld; Emily Morton; Karyn Lewis; Scott J. Peters,author,Megan Kuhfeld; Emily Morton; Karyn Lewis; Scott J. Peters,4,https://www.nwea.org/uploads/NWEA_Academic_Diversity_Research_Technical_Appendix_April2026.pdf,https://www.nwea.org/research/publication/technical-appendix-academically-diverse-classrooms-deeper-needs-what-teachers-face-after-the-pandemic/
94115,2026-04-27,2026,"Academically diverse classrooms, deeper needs: What teachers face after the pandemic",Research brief,Report / brief,COVID-19 & schools; Empowering educators; Growth; Informing instruction,MAP Growth,NWEA Research,"Megan Kuhfeld, Emily Morton, Karyn Lewis, Scott J. Peters",Megan Kuhfeld; Emily Morton; Karyn Lewis; Scott J. Peters,author,Megan Kuhfeld; Emily Morton; Karyn Lewis; Scott J. Peters,4,https://www.nwea.org/uploads/academically-diverse-classrooms-deeper-needs-what-teachers-face-after-the-pandemic_NWEA_researchBrief.pdf,https://www.nwea.org/research/publication/academically-diverse-classrooms-deeper-needs-what-teachers-face-after-the-pandemic/
93995,2026-04-20,2026,"The Middle School Science Course Landscape: Course Offerings, Enrollment Patterns, and Implications for Assessment",White paper,Report / brief,Equity; Math & STEM,MAP Growth,NWEA Research,"Naomi Duran, PhD, Susan Kowalski",Naomi Duran; Susan Kowalski,author,Naomi Duran; Susan Kowalski,2,https://www.nwea.org/uploads/the-middle-school-science-landscape-course-offerings-enrollment-patterns-and-implications-for-assessment_NWEA_whitePaper.pdf,https://www.nwea.org/research/publication/the-middle-school-science-course-landscape-course-offerings-enrollment-patterns-and-implications-for-assessment/
94004,2026-04-13,2026,A Practical Guide for Considering and Interpreting Test Score Differences Among Student Subgroups ,Guide,Practitioner guide,Empowering educators; Equity; Growth; Guidance,MAP Growth,NWEA Research,,,author,,0,https://www.nwea.org/uploads/a-practical-guide-for-considering-and-interpreting-test-score-differences-among-student-subgroups_NWEA_guide.pdf,https://www.nwea.org/research/publication/a-practical-guide-for-considering-and-interpreting-test-score-differences-among-student-subgroups/
93948,2026-04-03,2026,Spanish MAP Reading Fluency Technical Report,Technical report,Technical / psychometric,Early learning; Equity; Measurement & scaling; Test design,MAP Reading Fluency,Measurement & Psychometrics,"Rachel Hawthorne, Sara Velazquez, Fang Peng, Carmen Hall, John Newburn",Rachel Hawthorne; Sara Velazquez; Fang Peng; Carmen Hall; John Newburn,author,Fang Peng,1,https://www.nwea.org/uploads/Spanish-MAP-Reading-Fluency-Technical-Report_March2026_V1.pdf,https://www.nwea.org/research/publication/spanish-map-reading-fluency-technical-report/
93830,2026-04-02,2026,MAP Growth Spanish Technical Report- Addendum,Technical report,Technical / psychometric,Equity; Item response theory; Measurement & scaling; Test design,MAP Growth; MAP Spanish,Measurement & Psychometrics,"Patrick Meyer, Janice Johnson, Xueming (Sylvia) Li, Ann Hu, Carmen Hall",Patrick Meyer; Janice Johnson; Xueming (Sylvia) Li; Ann Hu; Carmen Hall,author,Patrick Meyer; Xueming (Sylvia) Li; Ann Hu,3,https://www.nwea.org/uploads/MAP-Growth-Technical-Report-Spanish-Addendum-2025.pdf,https://www.nwea.org/research/publication/map-growth-spanish-technical-report-addendum/
45239,2026-04-02,2026,MAP Growth technical report,Technical report,Technical / psychometric,Item response theory; Measurement & scaling; Test design,MAP Growth,Measurement & Psychometrics,"Patrick Meyer, Janice Johnson, Xueming (Sylvia) Li, Ann Hu, Carmen Hall",Patrick Meyer; Janice Johnson; Xueming (Sylvia) Li; Ann Hu; Carmen Hall,author,Patrick Meyer; Xueming (Sylvia) Li; Ann Hu,3,https://www.nwea.org/uploads/MAP-Growth-Technical-Report-2025.pdf,https://www.nwea.org/research/publication/map-growth-technical-report/
93462,2026-03-23,2026,Kindergarten redshirting: What families should know,Guide,Practitioner guide,Early learning; Growth,MAP Growth,NWEA Research,"Megan Kuhfeld, Sofia Postell",Megan Kuhfeld; Sofia Postell,author,Megan Kuhfeld; Sofia Postell,2,https://www.nwea.org/uploads/kindergarten-readshirting-what-famillies-should-know_NWEA_oneSheet.pdf,https://www.nwea.org/research/publication/kindergarten-redshirting-what-families-should-know/
93460,2026-03-23,2026,Technical Appendix: Should kindergartners be redshirted? Costs likely outweigh academic benefits,Technical brief,Technical / psychometric,Early learning; Growth,MAP Growth,NWEA Research,"Megan Kuhfeld, Sofia Postell",Megan Kuhfeld; Sofia Postell,author,Megan Kuhfeld; Sofia Postell,2,https://www.nwea.org/uploads/Tech-appendix_redshirting_update_2026.pdf,https://www.nwea.org/research/publication/technical-appendix-should-kindergartners-be-redshirted-costs-likely-outweigh-academic-benefits/
93376,2026-03-23,2026,Should kindergartners be redshirted? Costs likely outweigh academic benefits,Research brief,Report / brief,Early learning; Growth,MAP Growth,NWEA Research,"Megan Kuhfeld, Sofia Postell",Megan Kuhfeld; Sofia Postell,author,Megan Kuhfeld; Sofia Postell,2,https://www.nwea.org/uploads/should-kindergarteners-be-redshirted-costs-likely-outweigh-academic-benefits_NWEA_rsearchBrief.pdf,https://www.nwea.org/research/publication/should-kindergartners-be-redshirted-costs-likely-outweigh-academic-benefits/
93249,2026-03-10,2026,"Trend Snapshots: COVID-19 recovery in K–2, positive recovery trends",Research brief,Report / brief,COVID-19 & schools; Growth; Seasonal learning patterns & summer loss,MAP Growth,General,"Karyn Lewis, Megan Kuhfeld",Karyn Lewis; Megan Kuhfeld,author,Karyn Lewis; Megan Kuhfeld,2,https://www.nwea.org/uploads/covid-19-recovery-in-k-2-positive-recovery-trends_NWEA_trend-snapshots.pdf,https://www.nwea.org/research/publication/trend-snapshots-covid-19-recovery-in-k-2-positive-recovery-trends/
93103,2026-02-23,2026,Tech Appendix for “From loss to recovery: Diverging paths and uneven gains across schools”,Technical brief,Technical / psychometric,COVID-19 & schools; Growth; High-growth schools & practices; Seasonal learning patterns & summer loss,,NWEA Research,"Emily Morton, Megan Kuhfeld, Ayesha K. Hashim, Scott J. Peters",Emily Morton; Megan Kuhfeld; Ayesha K. Hashim; Scott J. Peters,author,Emily Morton; Megan Kuhfeld; Ayesha K. Hashim; Scott J. Peters,4,https://www.nwea.org/uploads/recoveryoutliers_appendix_formatted_pdf.pdf,https://www.nwea.org/research/publication/tech-appendix-for-from-loss-to-recovery-diverging-paths-and-uneven-gains-across-schools/
93100,2026-02-23,2026,From loss to recovery: Diverging paths and uneven gains across schools,Research brief,Report / brief,COVID-19 & schools; Growth; High-growth schools & practices; Seasonal learning patterns & summer loss,,NWEA Research,"Emily Morton, Megan Kuhfeld, Ayesha K. Hashim, Scott J. Peters",Emily Morton; Megan Kuhfeld; Ayesha K. Hashim; Scott J. Peters,author,Emily Morton; Megan Kuhfeld; Ayesha K. Hashim; Scott J. Peters,4,https://www.nwea.org/uploads/From-loss-to-recovery-diverring-paths-and-uneven-gains-across-schools_NWEA_researchBrief.pdf,https://www.nwea.org/research/publication/from-loss-to-recovery-diverging-paths-and-uneven-gains-across-schools/
45074,2026-02-10,2026,MAP Growth Goal Explorer User’s Guide and FAQ,Guide,Practitioner guide,Empowering educators; Innovations in reporting & assessment,,NWEA Research,,,author,,0,https://www.nwea.org/uploads/MAP-Growth-goal-explorer-user-guide-and-FAQ_NWEA_guide.pdf,https://www.nwea.org/research/publication/map-growth-goal-explorer-users-guide/
92338,2026-01-12,2026,Lessons in resilience: A playbook for recovery from natural disasters,Research brief,Report / brief,COVID-19 & schools; Growth; Seasonal learning patterns & summer loss,,NWEA Research,"Megan Kuhfeld, James Soland",Megan Kuhfeld; James Soland,author,Megan Kuhfeld,1,https://www.nwea.org/uploads/lessons-in-resilience-a-playbook-for-recovery-from-natural-disasters_NWEA_rresearchBrief.pdf,https://www.nwea.org/research/publication/lessons-in-resilience-a-playbook-for-recovery-from-natural-disasters/
92120,2025-12-18,2025,Post-Pandemic School Closure Trends: Schools Serving Black Students Disproportionately Closed,White paper,Report / brief,COVID-19 & schools; Growth,,NWEA Research,"Jazmin Isaacs, Megan Kuhfeld, Sofia Postell, Ayesha K. Hashim",Jazmin Isaacs; Megan Kuhfeld; Sofia Postell; Ayesha K. Hashim,author,Jazmin Isaacs; Megan Kuhfeld; Sofia Postell; Ayesha K. Hashim,4,https://www.nwea.org/uploads/school_closures_white_paper_NWEA_2025.pdf,https://www.nwea.org/research/publication/post-pandemic-school-closure-trends-schools-serving-black-students-disproportionately-closed/
92014,2025-12-03,2025,School’s in for Summer: A Scalable and Effective Post-Pandemic Academic Intervention,Research brief,Report / brief,COVID-19 & schools; Growth; Seasonal learning patterns & summer loss,,,"Emily Morton, Dan Goldhaber, Andrew McEachin, Thomas J. Kane",Emily Morton; Dan Goldhaber; Andrew McEachin; Thomas J. Kane,author,Emily Morton,1,https://www.nwea.org/uploads/schools-in-for-summer-a-scalable-and-effective-post-pandemic-academic-intervention_NWEA_brief.pdf,https://www.nwea.org/research/publication/schools-in-for-summer-a-scalable-and-effective-post-pandemic-academic-intervention/
91624,2025-11-20,2025,Technical Appendix: Unequal Access to 8th-Grade Algebra: How School Offerings and Placement Practices Limit Opportunity,Technical brief,Technical / psychometric,College & career readiness; Equity; Math & STEM,MAP Growth,NWEA Research,"Daniel Long, Megan Kuhfeld, Scott J. Peters",Daniel Long; Megan Kuhfeld; Scott J. Peters,author,Daniel Long; Megan Kuhfeld; Scott J. Peters,3,https://www.nwea.org/uploads/Tech_Appendix_Accessto8thgradealgebra_2025.pdf,https://www.nwea.org/research/publication/technical-appendix-unequal-access-to-8th-grade-algebra-how-school-offerings-and-placement-practices-limit-opportunity/
91623,2025-11-17,2025,Unequal Access to 8th-Grade Algebra: How School Offerings and Placement Practices Limit Opportunity,Research brief,Report / brief,College & career readiness; Equity; Math & STEM,,NWEA Research,"Daniel Long, Megan Kuhfeld, Scott J. Peters",Daniel Long; Megan Kuhfeld; Scott J. Peters,author,Daniel Long; Megan Kuhfeld; Scott J. Peters,3,https://www.nwea.org/uploads/unequal-access-to-eight-grade-algebra-how-school-offerings-and-placement-practices-limit-opportunity_NWEA_researchBrief.pdf,https://www.nwea.org/research/publication/unequal-access-to-8th-grade-algebra-how-school-offerings-and-placement-practices-limit-opportunity/
91159,2025-11-10,2025,Technical Appendix: MAP Growth Specialty School National Dashboard,Technical report,Technical / psychometric,Growth,MAP Growth,General,"Megan Kuhfeld, Daniel Long, Karyn Lewis",Megan Kuhfeld; Daniel Long; Karyn Lewis,author,Megan Kuhfeld; Daniel Long; Karyn Lewis,3,https://www.nwea.org/uploads/Technical-Appendix-for-MAP-Growth-Specialty-School-National-Dashboard_NOV-2025.pdf,https://www.nwea.org/research/publication/technical-appendix-map-growth-specialty-school-national-dashboard/
91008,2025-10-22,2025,"Hot test days, lower math scores: How heat affects student achievement",Research brief,Report / brief,Growth; Seasonal learning patterns & summer loss,MAP Growth,General,"Sofia Postell, Megan Kuhfeld, Susan Kowalski, Jazmin Isaacs",Sofia Postell; Megan Kuhfeld; Susan Kowalski; Jazmin Isaacs,author,Sofia Postell; Megan Kuhfeld; Susan Kowalski; Jazmin Isaacs,4,https://www.nwea.org/uploads/hot-test-days-lower-math-scores-how-heat-affects-student-achievement_NWEA_researchBrief.pdf,https://www.nwea.org/research/publication/hot-test-days-lower-math-scores-how-heat-affects-student-achievement/
90987,2025-10-22,2025,"Technical appendix for “Hot test days, lower math scores: How heat affects student achievement”",Technical brief,Technical / psychometric,Growth; Seasonal learning patterns & summer loss,MAP Growth,General,"Sofia Postell, Megan Kuhfeld, Susan Kowalski, Jazmin Isaacs",Sofia Postell; Megan Kuhfeld; Susan Kowalski; Jazmin Isaacs,author,Sofia Postell; Megan Kuhfeld; Susan Kowalski; Jazmin Isaacs,4,https://www.nwea.org/uploads/Tech-appendix_Heat_Learning_Research_Brief_2025_final.pdf,https://www.nwea.org/research/publication/technical-appendix-for-hot-test-days-lower-math-scores-how-heat-affects-student-achievement/
92197,2025-10-21,2025,Introducing the MAP Growth National Dashboard: Your real-time companion to MAP Growth norms,Blog article,Blog / web,Assessment,MAP Growth,NWEA Research,Karyn Lewis,Karyn Lewis,author,Karyn Lewis,1,,https://www.nwea.org/research/publication/introducing-the-map-growth-national-dashboard-your-real-time-companion-to-map-growth-norms/
91005,2025-10-20,2025,MAP Growth National Dashboard,Data visualization,Blog / web,COVID-19 & schools; Equity; Growth,MAP Growth,General,,,author,,0,,https://www.nwea.org/research/publication/map-growth-national-dashboard/
90885,2025-10-13,2025,"Trend Snapshots: Math Recovery Continues, Reading Remains Stalled in Spring 2025",Research brief,Report / brief,COVID-19 & schools; Growth,MAP Growth,General,"Karyn Lewis, Megan Kuhfeld",Karyn Lewis; Megan Kuhfeld,author,Karyn Lewis; Megan Kuhfeld,2,https://www.nwea.org/uploads/Math-recovery-continues-reading-stalled-in-spring-2025_NWEA_trendSnapshots.pdf,https://www.nwea.org/research/publication/trend-snapshots-math-recovery-continues-reading-remains-stalled-in-spring-2025/
90837,2025-10-13,2025,User Guide and FAQ: MAP Growth National Dashboard,Guide,Practitioner guide,Growth,MAP Growth,General,"Emily Morton, Karyn Lewis, Megan Kuhfeld",Emily Morton; Karyn Lewis; Megan Kuhfeld,author,Emily Morton; Karyn Lewis; Megan Kuhfeld,3,https://www.nwea.org/uploads/MAP-Growth-National-Dashboard-user-guide-and-faq_NWEA_guide.pdf,https://www.nwea.org/research/publication/user-guide-and-faq-map-growth-national-dashboard/
90640,2025-10-13,2025,Technical Appendix: MAP Growth National Dashboard,Guide; Technical brief,Technical / psychometric; Practitioner guide,Growth,MAP Growth,,"Karyn Lewis, Megan Kuhfeld",Karyn Lewis; Megan Kuhfeld,author,Karyn Lewis; Megan Kuhfeld,2,https://www.nwea.org/uploads/Dashboard-technical-brief_final_025.pdf,https://www.nwea.org/research/publication/technical-appendix-map-growth-national-dashboard/
45067,2025-10-01,2025,Specialty Schools National Dashboard,Data visualization,Blog / web,COVID-19 & schools; Equity; Growth,MAP Growth,General,,,author,,0,,https://www.nwea.org/research/publication/achievement-and-growth-tables-for-private-schools/
92181,2025-09-09,2025,Responsive leadership in crisis: Lessons from the pandemic for education leaders,Blog article,Blog / web,COVID-19 & schools; School leadership,,NWEA Research,Ayesha K. Hashim,Ayesha K. Hashim,author,Ayesha K. Hashim,1,,https://www.nwea.org/research/publication/responsive-leadership-in-crisis-lessons-from-the-pandemic-for-education-leaders/
45065,2025-08-31,2025,MAP Growth Goal Explorer,Data visualization,Blog / web,Equity; Growth,MAP Growth,NWEA Research,,,author,,0,,https://www.nwea.org/research/publication/map-growth-goal-explorer/
92185,2025-08-29,2025,Reimagining family engagement: A long-term strategy for COVID recovery,Blog article,Blog / web,COVID-19 & schools,,NWEA Research,Ayesha K. Hashim,Ayesha K. Hashim,author,Ayesha K. Hashim,1,,https://www.nwea.org/research/publication/reimagining-family-engagement-a-long-term-strategy-for-covid-recovery/
92199,2025-08-28,2025,Getting precise: Why instructional time matters for fair comparisons of student achievement,Blog article,Blog / web,Assessment,MAP Growth,NWEA Research,Karyn Lewis,Karyn Lewis,author,Karyn Lewis,1,,https://www.nwea.org/research/publication/getting-precise-why-instructional-time-matters-for-fair-comparisons-of-student-achievement/
89883,2025-08-25,2025,The Impact of Severe Weather Events on Education: Revisiting Hurricane Katrina While Preparing for the Next Disaster,Research brief,Report / brief,Growth; Seasonal learning patterns & summer loss,,General,"Megan Kuhfeld, Jim Soland, Sofia Postell",Megan Kuhfeld; James Soland; Sofia Postell,author,Megan Kuhfeld; Sofia Postell,2,https://www.nwea.org/uploads/The-impact-of-severe-weather-on-education-revisiting-hurricane-katrina-while-preparing-for-the-next-disaster_NWEA_researchBrief.pdf,https://www.nwea.org/research/publication/the-impact-of-severe-weather-events-on-education-revisiting-hurricane-katrina-while-preparing-for-the-next-disaster/
92201,2025-08-21,2025,Realistic vs. meaningful growth: Rethinking growth goals with 2025 MAP Growth norms,Blog article,Blog / web,Assessment,MAP Growth,NWEA Research,Karyn Lewis,Karyn Lewis,author,Karyn Lewis,1,,https://www.nwea.org/research/publication/realistic-vs-meaningful-growth-rethinking-growth-goals-with-2025-map-growth-norms/
92203,2025-08-14,2025,What can you do with the 2025 MAP Growth norms? Turning test results into action,Blog article,Blog / web,Assessment,MAP Growth,NWEA Research,Karyn Lewis,Karyn Lewis,author,Karyn Lewis,1,,https://www.nwea.org/research/publication/what-can-you-do-with-the-2025-map-growth-norms-turning-test-results-into-action/
92205,2025-08-07,2025,"Same scale, new reference: What’s new in the 2025 MAP Growth norms",Blog article,Blog / web,Assessment,MAP Growth,NWEA Research,Karyn Lewis,Karyn Lewis,author,Karyn Lewis,1,,https://www.nwea.org/research/publication/same-scale-new-reference-whats-new-in-the-2025-map-growth-norms/
92195,2025-07-18,2025,Making sense of standard error of measurement,Blog article,Blog / web,Assessment,MAP Growth,NWEA Research,Emily Morton,Emily Morton,author,Emily Morton,1,,https://www.nwea.org/research/publication/making-sense-of-standard-error-of-measurement/
88220,2025-07-09,2025,What the research tells us about four-day school weeks,Blog article,Blog / web,School leadership,,NWEA Research,Emily Morton,Emily Morton,author,Emily Morton,1,,https://www.nwea.org/research/publication/what-the-research-tells-us-about-four-day-school-weeks/
88219,2025-07-09,2025,3 academic interventions policymakers can support to help get students back on track ,Blog article,Blog / web,COVID-19 & schools,,NWEA Research,Emily Morton,Emily Morton,author,Emily Morton,1,,https://www.nwea.org/research/publication/3-academic-interventions-policymakers-can-support-to-help-get-students-back-on-track/
92187,2025-06-13,2025,Every school has advanced learners. Use local norms to find them,Blog article,Blog / web,School leadership,MAP Growth,NWEA Research,Scott J. Peters,Scott J. Peters,author,Scott J. Peters,1,,https://www.nwea.org/research/publication/every-school-has-advanced-learners-use-local-norms-to-find-them/
87372,2025-06-09,2025,Family engagement as a long-term strategy for continued COVID recovery,Research report,Report / brief,COVID-19 & schools; Equity; Growth; Guidance,,General,"Ayesha K. Hashim, Rebecca Johnson, Rachel Perera",Ayesha K. Hashim; Rebecca Johnson; Rachel Perera,author,Ayesha K. Hashim,1,https://www.nwea.org/uploads/family-engagement-as-a-long-term-strategy-for-continued-covid-recovery_NWEA_researchBrief.pdf,https://www.nwea.org/research/publication/family-engagement-as-a-long-term-strategy-for-continued-covid-recovery/
86153,2025-05-12,2025,Technical appendix for “Boys regain the advantage in middle school STEM skills: Post-COVID trends in gender achievement gaps”,Technical brief,Technical / psychometric,COVID-19 & schools; Equity; Growth; Math & STEM,MAP Growth,General,"Megan Kuhfeld, Karyn Lewis, Gustave Robinson",Megan Kuhfeld; Karyn Lewis; Gustave Robinson,author,Megan Kuhfeld; Karyn Lewis; Gustave Robinson,3,https://www.nwea.org/uploads/NWEA_achievement_GenderGaps_Tech-appendix_April2025.pdf,https://www.nwea.org/research/publication/technical-appendix-for-boys-regain-the-advantage-in-middle-school-stem-skills-post-covid-trends-in-gender-achievement-gaps/
86152,2025-05-12,2025,Boys regain the advantage in middle school STEM skills: Post-COVID trends in gender achievement gaps,Research brief,Report / brief,COVID-19 & schools; Equity; Growth; Math & STEM,MAP Growth,General,"Megan Kuhfeld, Karyn Lewis, Gustave Robinson",Megan Kuhfeld; Karyn Lewis; Gustave Robinson,author,Megan Kuhfeld; Karyn Lewis; Gustave Robinson,3,https://www.nwea.org/uploads/boys-regain-the-advantage-in-middle-school-steam-skills-post-covid-trends-in-gender-achievement-gaps_NWEA_researchBrief.pdf,https://www.nwea.org/research/publication/boys-regain-the-advantage-in-middle-school-stem-skills-post-covid-trends-in-gender-achievement-gaps/
45246,2025-04-16,2025,Spanish MAP Reading Fluency content guide,Technical report,Technical / psychometric,Assessments in Spanish; Test design,MAP Reading Fluency; MAP Spanish,Measurement & Psychometrics,"John Newburn, Sara Velazquez, Fang Peng, Carmen Hall, Kayla McLaughlin, Teresa Krastel",John Newburn; Sara Velazquez; Fang Peng; Carmen Hall; Kayla McLaughlin; Teresa Krastel,author,Fang Peng,1,https://www.nwea.org/uploads/Spanish-MAP-Reading-Fluency-Content-Guide_March2025.pdf,https://www.nwea.org/research/publication/spanish-map-reading-fluency-content-guide/
84325,2025-02-25,2025,Practitioner’s Guide to Integrating Literacy and Science,Guide,Practitioner guide,Equity; Growth; Informing instruction; Math & STEM,MAP Growth,,"Scott J. Peters, Susan Kowalski, Ayesha K. Hashim",Scott J. Peters; Susan Kowalski; Ayesha K. Hashim,author,Scott J. Peters; Susan Kowalski; Ayesha K. Hashim,3,https://www.nwea.org/uploads/Practitioners-guide-to-integrating-literacy-and-science_NWEA_guide-1.pdf,https://www.nwea.org/research/publication/practitioners-guide-to-integrating-literacy-and-science/
84324,2025-02-25,2025,Integrating Literacy and Science: A Powerful Partnership for Student Success,Research brief,Report / brief,Equity; Growth; Informing instruction; Math & STEM,,General,"Susan Kowalski, Ayesha K. Hashim, Scott J. Peters",Susan Kowalski; Ayesha K. Hashim; Scott J. Peters,author,Susan Kowalski; Ayesha K. Hashim; Scott J. Peters,3,https://www.nwea.org/uploads/Integrating-literacy-and-science-a-powerful-partnership-for-student-success_NWEA_research-brief.pdf,https://www.nwea.org/research/publication/integrating-literacy-and-science-a-powerful-partnership-for-student-success/
92209,2024-11-19,2024,How to meet student needs following inclement weather-related school closures,Blog article,Blog / web,School leadership,,NWEA Research,Megan Kuhfeld,Megan Kuhfeld,author,Megan Kuhfeld,1,,https://www.nwea.org/research/publication/how-to-meet-student-needs-following-inclement-weather-related-school-closures/
92189,2024-09-25,2024,New research on science learning loss following COVID-19 school closures,Blog article,Blog / web,COVID-19 & schools,,NWEA Research,"Scott J. Peters, Susan Kowalski",Scott J. Peters; Susan Kowalski,author,Scott J. Peters; Susan Kowalski,2,,https://www.nwea.org/research/publication/new-research-on-science-learning-loss-following-covid-19-school-closures/
79364,2024-09-16,2024,Technical Brief – COVID’s impact on science achievement: Trends from 2019 through 2024,Technical brief,Technical / psychometric,COVID-19 & schools; Equity; Growth,MAP Growth,NWEA Research,"Susan Kowalski, Scott J. Peters, Megan Kuhfeld, Gustave Robinson, Karyn Lewis",Susan Kowalski; Scott J. Peters; Megan Kuhfeld; Gustave Robinson; Karyn Lewis,author,Susan Kowalski; Scott J. Peters; Megan Kuhfeld; Gustave Robinson; Karyn Lewis,5,https://www.nwea.org/uploads/Tech_appendix_Science_achievement_COVID_Research_2024.pdf,https://www.nwea.org/research/publication/technical-brief-covids-impact-on-science-achievement-trends-from-2019-through-2024/
79343,2024-09-16,2024,COVID’s impact on science achievement: Trends from 2019 through 2024,Research report,Report / brief,COVID-19 & schools; Equity; Growth,MAP Growth,NWEA Research,"Susan Kowalski, Scott J. Peters, Megan Kuhfeld, Gustave Robinson, Karyn Lewis",Susan Kowalski; Scott J. Peters; Megan Kuhfeld; Gustave Robinson; Karyn Lewis,author,Susan Kowalski; Scott J. Peters; Megan Kuhfeld; Gustave Robinson; Karyn Lewis,5,https://www.nwea.org/uploads/Covids-impact-on-science-achievement-trends-from-2019-2024_NWEA_researchBrief.pdf,https://www.nwea.org/research/publication/covids-impact-on-science-achievement-trends-from-2019-through-2024/
79371,2024-09-11,2024,Reconciling Recent Evidence on Academic Recovery in the US from 2022 to 2023,Research report,Report / brief,COVID-19 & schools; Equity; Growth,MAP Growth,NWEA Research,"Dan Dewey, Megan Kuhfeld, Erin Fahle, Tom Kane, Sean F. Reardon",Dan Dewey; Megan Kuhfeld; Erin Fahle; Tom Kane; Sean F. Reardon,author,Megan Kuhfeld,1,https://www.nwea.org/uploads/Reconciling-Recent-Evidence-on-Academic-Recovery-in-the-US-from-2022-to-2023.pdf,https://www.nwea.org/research/publication/reconciling-recent-evidence-on-academic-recovery-in-the-us-from-2022-to-2023/
45311,2024-08-27,2024,English MAP Reading Fluency technical report,Technical report,Technical / psychometric,Computer adaptive testing; Reading & language arts; Test design,MAP Reading Fluency,Measurement & Psychometrics,"Fang Peng, Kang Xue, Carmen Hall, John Newburn",Fang Peng; Kang Xue; Carmen Hall; John Newburn,author,Fang Peng,1,https://www.nwea.org/uploads/English-MAP-Reading-Fluency-Technical-Report-2024-08-26.pdf,https://www.nwea.org/research/publication/english-map-reading-fluency-technical-report/
92207,2024-07-30,2024,New data: How far off is COVID academic recovery?,Blog article,Blog / web,COVID-19 & schools,,NWEA Research,"Karyn Lewis, Lindsay Dworkin",Karyn Lewis; Lindsay Dworkin,author,Karyn Lewis,1,,https://www.nwea.org/research/publication/new-data-how-far-off-is-covid-academic-recovery/
78303,2024-07-22,2024,Technical Brief Recovery still elusive: 2023-24 student achievement highlights persistent achievement gaps and a long road ahead,Technical brief,Technical / psychometric,COVID-19 & schools; Equity; Growth,MAP Growth,NWEA Research,"Karyn Lewis, Megan Kuhfeld",Karyn Lewis; Megan Kuhfeld,author,Karyn Lewis; Megan Kuhfeld,2,https://www.nwea.org/uploads/Educations-long-covid-2022-23-achievement-data-reveal-stalled-progress-toward-pandemic-recovery_NWEA_Research-brief.pdf,https://www.nwea.org/research/publication/technical-brief-recovery-still-elusive-2023-24-student-achievement-highlights-persistent-achievement-gaps-and-a-long-road-ahead/
78082,2024-07-22,2024,Recovery still elusive: 2023-24 student achievement highlights persistent achievement gaps and a long road ahead,Research report,Report / brief,COVID-19 & schools; Equity; Growth,MAP Growth,NWEA Research,"Karyn Lewis, Megan Kuhfeld",Karyn Lewis; Megan Kuhfeld,author,Karyn Lewis; Megan Kuhfeld,2,https://www.nwea.org/uploads/recovery-still-elusive-2023-24-student-achievement-highlights-persistent-achievement-gaps-and-a-long-road-ahead_NWEA_researchBrief.pdf,https://www.nwea.org/research/publication/recovery-still-elusive-2023-24-student-achievement-highlights-persistent-achievement-gaps-and-a-long-road-ahead/
78139,2024-07-11,2024,Predicting Amira Reading Mastery Based on NWEA MAP Reading Fluency Benchmark Assessment Scores,Technical report,Technical / psychometric,Computer adaptive testing; Early learning; Measurement & scaling; Reading & language arts,MAP Reading Fluency,NWEA Research,"Fang Peng, Ann Hu, Christopher Wells",Fang Peng; Ann Hu; Christopher Wells,author,Fang Peng; Ann Hu,2,https://www.nwea.org/uploads/MAP-Reading-Fluency-Amira-Linking-Study-Report-2024-06-11.pdf,https://www.nwea.org/research/publication/predicting-amira-reading-mastery-based-on-nwea-map-reading-fluency-benchmark-assessment-scores/
78119,2024-07-11,2024,MAP Reading Fluency with Coach Evidence Base,Research brief,Report / brief,Early learning; Empowering educators; Innovations in reporting & assessment; Reading & language arts,MAP Reading Fluency,NWEA Research,Amy Endo,Amy Endo,author,,0,https://www.nwea.org/uploads/MAP-Reading-Fluency-with-Coach-Evidence-Base.pdf,https://www.nwea.org/research/publication/map-reading-fluency-with-coach-evidence-base/
76543,2024-06-17,2024,Effective summer programs: Practical guidance for district leaders,Research brief,Report / brief,COVID-19 & schools; Growth; Guidance; Seasonal learning patterns & summer loss,,NWEA Research,"Miles Davison, Jazmin Isaacs, Michael Gaddis, PhD, Sofia Postell, Ayesha K. Hashim, Susan Kowalski, Karyn Lewis",Miles Davison; Jazmin Isaacs; Michael Gaddis; Sofia Postell; Ayesha K. Hashim; Susan Kowalski; Karyn Lewis,author,Miles Davison; Jazmin Isaacs; Sofia Postell; Ayesha K. Hashim; Susan Kowalski; Karyn Lewis,6,https://www.nwea.org/uploads/Effective-summer-programs-practical-guidance-for-district-leaders_NWEA_research-brief.pdf,https://www.nwea.org/research/publication/effective-summer-programs-practical-guidance-for-district-leaders/
92191,2024-05-16,2024,When are students “ready” for algebra?,Blog article,Blog / web,Math & STEM,,NWEA Research,Scott J. Peters,Scott J. Peters,author,Scott J. Peters,1,,https://www.nwea.org/research/publication/when-are-students-ready-for-algebra/
44979,2024-04-30,2024,Summer learning loss: What we know and what we’re learning,Blog article,Blog / web,Equity; Seasonal learning patterns & summer loss,,NWEA Research,"Megan Kuhfeld, Andrew McEachin",Megan Kuhfeld; Andrew McEachin,author,Megan Kuhfeld,1,,https://www.nwea.org/research/publication/summer-learning-loss-what-we-know-and-what-were-learning/
92211,2024-03-12,2024,3 considerations on chronic absenteeism for education policymakers,Blog article,Blog / web,College & career readiness; COVID-19 & schools,,NWEA Research,Megan Kuhfeld,Megan Kuhfeld,author,Megan Kuhfeld,1,,https://www.nwea.org/research/publication/3-considerations-on-chronic-absenteeism-for-education-policymakers/
74064,2024-01-30,2024,High dosage tutoring for academically at-risk students,Research brief,Report / brief,COVID-19 & schools; Equity; Growth; Informing instruction,,,"Miles Davison, Sofia Postell, Jazmin Isaacs, Ayesha K. Hashim",Miles Davison; Sofia Postell; Jazmin Isaacs; Ayesha K. Hashim,author,Miles Davison; Sofia Postell; Jazmin Isaacs; Ayesha K. Hashim,4,https://www.nwea.org/uploads/high-dosage-tutoring-for-academically-at-risk-students_NWEA_research-brief.pdf,https://www.nwea.org/research/publication/high-dosage-tutoring-for-academically-at-risk-students/
73510,2023-11-09,2023,Typical learning for whom? Guidelines for selecting benchmarks to calculate months of learning,Research brief,Report / brief,COVID-19 & schools; Equity; Growth; Growth modeling; Seasonal learning patterns & summer loss,,,"Megan Kuhfeld, Melissa Diliberti, Andrew McEachin, Jon Schweig, Louis T. Mariano",Megan Kuhfeld; Melissa Diliberti; Andrew McEachin; Jon Schweig; Louis T. Mariano,author,Megan Kuhfeld,1,https://www.nwea.org/uploads/Guidelines-for-selecting-benchmarks-to-calculate-months-of-learning_NWEA_Research-Brief.pdf,https://www.nwea.org/research/publication/73510/
92193,2023-10-10,2023,MAP-Growth can lower the cost and increase the accuracy of gifted and talented placements,Blog article,Blog / web,Assessment,,NWEA Research,Scott J. Peters,Scott J. Peters,author,Scott J. Peters,1,,https://www.nwea.org/research/publication/map-growth-can-lower-the-cost-and-increase-the-accuracy-of-gifted-and-talented-placements/
70571,2023-07-10,2023,Technical appendix: 2022-23 achievement data reveal stalled progress toward pandemic recovery,Technical brief,Technical / psychometric,COVID-19 & schools; Equity,,NWEA Research,"Karyn Lewis, Megan Kuhfeld, Jazmin Isaacs",Karyn Lewis; Megan Kuhfeld; Jazmin Isaacs,author,Karyn Lewis; Megan Kuhfeld; Jazmin Isaacs,3,https://www.nwea.org/uploads/Tech-appendix-July-2023-Final.pdf,https://www.nwea.org/research/publication/technical-appendix-2022-23-achievement-data-reveal-stalled-progress-toward-pandemic-recovery/
70544,2023-07-10,2023,Education’s long COVID: 2022–23 achievement data reveal stalled progress toward pandemic recovery,Research brief,Report / brief,COVID-19 & schools; Equity,MAP Growth,NWEA Research,"Karyn Lewis, Megan Kuhfeld",Karyn Lewis; Megan Kuhfeld,author,Karyn Lewis; Megan Kuhfeld,2,https://www.nwea.org/uploads/Educations-long-covid-2022-23-achievement-data-reveal-stalled-progress-toward-pandemic-recovery_NWEA_Research-brief.pdf,https://www.nwea.org/research/publication/educations-long-covid-2022-23-achievement-data-reveal-stalled-progress-toward-pandemic-recovery/
70508,2023-06-26,2023,Executive Summary: Content proximity spring 2022 pilot study,Research report,Report / brief,Computer adaptive testing; Innovations in reporting & assessment; Test design,MAP Growth,Measurement & Psychometrics,"Patrick Meyer, Ann Hu, Xueming (Sylvia) Li",Patrick Meyer; Ann Hu; Xueming (Sylvia) Li,author,Patrick Meyer; Ann Hu; Xueming (Sylvia) Li,3,https://www.nwea.org/uploads/Content-proximity-spring-2022-pilot-study_NWEA_executive-summary.pdf,https://www.nwea.org/research/publication/executive-summary-content-proximity-spring-2022-pilot-study/
70434,2023-06-22,2023,Content Proximity Spring 2022 Pilot Study Research Report,Research report,Report / brief,Computer adaptive testing; Innovations in reporting & assessment; Test design,MAP Growth,Measurement & Psychometrics,"Patrick Meyer, Ann Hu, Xueming (Sylvia) Li",Patrick Meyer; Ann Hu; Xueming (Sylvia) Li,author,Patrick Meyer; Ann Hu; Xueming (Sylvia) Li,3,https://www.nwea.org/uploads/Content-Proximity-Project-and-Pilot-Study-Spring-2022-Research-Report.pdf,https://www.nwea.org/research/publication/content-proximity-spring-2022-pilot-study-research-report/
53171,2023-02-08,2023,Achievement and Growth Norms for Course-Specific MAP Growth Tests,Research report,Report / brief,Measurement & scaling,MAP Growth,Measurement & Psychometrics,Wei He,Wei He,author,Wei He,1,https://www.nwea.org/uploads/2023/02/2022-MAP-Growth-HS-Math-Norms-Report-02-07-2023.pdf,https://www.nwea.org/research/publication/achievement-and-growth-norms-for-course-specific-map-growth-tests/
52198,2022-12-05,2022,Progress towards pandemic recovery: Continued signs of rebounding achievement at the start of the 2022-23 school year,Research brief,Report / brief,COVID-19 & schools; Equity,,NWEA Research,"Karyn Lewis, Megan Kuhfeld",Karyn Lewis; Megan Kuhfeld,author,Karyn Lewis; Megan Kuhfeld,2,https://www.nwea.org/uploads/2022/12/CSSP-Brief_Progress-toward-pandemic-recovery_DEC22_Final.pdf,https://www.nwea.org/research/publication/progress-towards-pandemic-recovery-continued-signs-of-rebounding-achievement-at-the-start-of-the-2022-23-school-year/
52188,2022-12-05,2022,Technical appendix for progress towards pandemic recovery continued signs of rebounding achievement at the start of the 2022-2023 school year,Technical brief,Technical / psychometric,COVID-19 & schools; Equity,,NWEA Research,"Megan Kuhfeld, Karyn Lewis",Megan Kuhfeld; Karyn Lewis,author,Megan Kuhfeld; Karyn Lewis,2,https://www.nwea.org/uploads/2022/12/Tech-Appendix-for-progress-towards-pandemic-recovery.pdf,https://www.nwea.org/research/publication/technical-appendix-for-progress-towards-pandemic-recovery-continued-signs-of-rebounding-achievement-at-the-start-of-the-2022-2023-school-year/
52031,2022-11-18,2022,Longitudinal models of reading and mathematics achievement in deaf and hard of hearing students,Journal article,Journal article,Equity; Measurement & scaling,,NWEA Research,"Stephanie Cawthon, Johny Daniel, North Cooc, Ana Vielma",Stephanie Cawthon; Johny Daniel; North Cooc; Ana Vielma,author,,0,,https://www.nwea.org/research/publication/longitudinal-models-of-reading-and-mathematics-achievement-in-deaf-and-hard-of-hearing-students/
52030,2022-11-18,2022,GGMncv: Nonconvex penalized Gaussian graphical models in R,Working paper,Working paper / preprint,Measurement & scaling,,NWEA Research,Donald Williams,Donald Williams,author,,0,,https://www.nwea.org/research/publication/ggmncv-nonconvex-penalized-gaussian-graphical-models-in-r/
52029,2022-11-18,2022,District and school leaders’ perspectives on leading & learning during the COVID-19 pandemic,Journal article,Journal article,COVID-19 & schools; Empowering educators,,NWEA Research,"Hayley Weddle, Ayesha K. Hashim, Ogechi Irondi",Hayley Weddle; Ayesha K. Hashim; Ogechi Irondi,author,Ayesha K. Hashim,1,,https://www.nwea.org/research/publication/district-and-school-leaders-perspectives-on-leading-learning-during-the-covid-19-pandemic/
51789,2022-11-15,2022,The widening achievement divide during COVID-19,Research brief,Report / brief,COVID-19 & schools; Equity,,NWEA Research,"Karyn Lewis, Megan Kuhfeld, Meredith Langi, Scott J. Peters, Erin Fahle",Karyn Lewis; Megan Kuhfeld; Meredith Langi; Scott J. Peters; Erin Fahle,author,Karyn Lewis; Megan Kuhfeld; Scott J. Peters,3,https://www.nwea.org/uploads/2022/11/CSSP-Brief_Widening-achievement-divide-COVID-19.pdf,https://www.nwea.org/research/publication/the-widening-achievement-divide-during-covid-19/
50518,2022-11-15,2022,Technical appendix for: The widening achievement divide during COVID-19,Technical brief,Technical / psychometric,COVID-19 & schools; Equity,,NWEA Research,"Megan Kuhfeld, Meredith Langi, Karyn Lewis",Megan Kuhfeld; Meredith Langi; Karyn Lewis,author,Megan Kuhfeld; Karyn Lewis,2,https://www.nwea.org/uploads/2022/10/Technical-appendix-for-The-widening-achievement-divide-during-COVID-19.pdf,https://www.nwea.org/research/publication/technical-appendix-for-the-widening-achievement-divide-during-covid-19/
45323,2022-10-14,2022,COVID-19 in the early elementary years: A comparison of achievement in spring 2019 and spring 2022,Research brief,Report / brief,COVID-19 & schools; Early learning; Equity,,NWEA Research,"Megan Kuhfeld, Karyn Lewis",Megan Kuhfeld; Karyn Lewis,author,Megan Kuhfeld; Karyn Lewis,2,https://www.nwea.org/uploads/2022/10/COVID-19-in-the-early-elementary-years.pdf,https://www.nwea.org/research/publication/covid-19-in-the-early-elementary-years-a-comparison-of-achievement-in-spring-2019-and-spring-2022/
45322,2022-10-12,2022,Test score patterns across three COVID-19-impacted school years,Journal article,Journal article,COVID-19 & schools; Equity,,NWEA Research,"Megan Kuhfeld, James Soland, Karyn Lewis",Megan Kuhfeld; James Soland; Karyn Lewis,author,Megan Kuhfeld; Karyn Lewis,2,,https://www.nwea.org/research/publication/test-score-patterns-across-three-covid-19-impacted-school-years/
45321,2022-10-12,2022,Pathways of mathematics achievement in preschool: Examining executive function and task orientation,Journal article,Journal article,Early learning; Math & STEM,,NWEA Research,"Tara Hofkens, Jessica Whittaker, Robert Pianta, Virginia Vitiello, Erik Ruzek, Arya Ansari",Tara Hofkens; Jessica Whittaker; Robert Pianta; Virginia Vitiello; Erik Ruzek; Arya Ansari,author,,0,,https://www.nwea.org/research/publication/pathways-of-mathematics-achievement-in-preschool-examining-executive-function-and-task-orientation/
45318,2022-10-11,2022,Assessment in the time of COVID-19: Understanding patterns of student disengagement during remote low-stakes testing,Journal article,Journal article,Equity; Innovations in reporting & assessment; School & test engagement,,NWEA Research,"Steven Wise, Megan Kuhfeld, John Cronin",Steven Wise; Megan Kuhfeld; John Cronin,author,Megan Kuhfeld,1,,https://www.nwea.org/research/publication/assessment-in-the-time-of-covid-19-understanding-patterns-of-student-disengagement-during-remote-low-stakes-testing/
45317,2022-10-11,2022,"Effects of 4-day school weeks on older adolescents: Examining impacts of the schedule on academic achievement, attendance, and behavior in high school",Journal article,Journal article,Student growth & accountability policies,,NWEA Research,Emily Morton,Emily Morton,author,Emily Morton,1,,https://www.nwea.org/research/publication/effects-of-4-day-school-weeks-on-older-adolescents-examining-impacts-of-the-schedule-on-academic-achievement-attendance-and-behavior-in-high-school/
45316,2022-10-11,2022,The COVID-19 school year: Learning and recovery across 2020-2021,Journal article,Journal article,COVID-19 & schools; Equity,,NWEA Research,"Megan Kuhfeld, James Soland, Karyn Lewis, Erik Ruzek, Angela Johnson",Megan Kuhfeld; James Soland; Karyn Lewis; Erik Ruzek; Angela Johnson,author,Megan Kuhfeld; Karyn Lewis,2,,https://www.nwea.org/research/publication/the-covid-19-school-year-learning-and-recovery-across-2020-2021/
45315,2022-10-11,2022,"Measuring student reading comprehension performance: Considerations of accuracy, equity, and engagement by embedding comprehension items within reading passages",Journal article,Journal article,Equity; Innovations in reporting & assessment; Reading & language arts,,NWEA Research,"Meg Guerreiro, Janice Johnson",Meg Guerreiro; Janice Johnson,author,,0,,https://www.nwea.org/research/publication/measuring-student-reading-comprehension-performance-considerations-of-accuracy-equity-and-engagement-by-embedding-comprehension-items-within-reading-passages/
45314,2022-10-11,2022,The instructional legacy of COVID-19: Teacher adaptation in response to the pandemic,Journal article,Journal article,COVID-19 & schools; Empowering educators,,NWEA Research,"Helena Connolly, Naina Abowd, Catherine C. Chase",Helena Connolly; Naina Abowd; Catherine C. Chase,author,,0,,https://www.nwea.org/research/publication/the-instructional-legacy-of-covid-19-teacher-adaptation-in-response-to-the-pandemic/
45313,2022-10-11,2022,Estimating and comparing growth using longitudinal interim achievement data with seasonal trends,Journal article,Journal article,,,NWEA Research,"James Soland, Yeow Meng Thum",James Soland; Yeow Meng Thum,author,,0,,https://www.nwea.org/research/publication/estimating-and-comparing-growth-using-longitudinal-interim-achievement-data-with-seasonal-trends/
45309,2022-08-18,2022,Achievement and growth norms for English MAP Reading Fluency Foundational Skills,Research report,Report / brief,Measurement & scaling,MAP Reading Fluency,Measurement & Psychometrics,Wei He,Wei He,author,Wei He,1,https://www.nwea.org/uploads/2021/06/2022-English-MRF-Foundational-Skills-Norms-Report-2022-07-19.pdf,https://www.nwea.org/research/publication/achievement-and-growth-norms-for-english-map-reading-fluency-foundational-skills/
45307,2022-07-26,2022,Looking beyond vision: Supports for students who are blind or visually impaired in mathematics,Research report,Report / brief,Accessibility; Equity; Math & STEM,,NWEA Research,Sonja Steinbach,Sonja Steinbach,author,,0,https://www.nwea.org/uploads/2020/03/Looking-beyond-vision-Supports-for-students-who-are-blind-or-visually-impaired-in-mathematics.pdf,https://www.nwea.org/research/publication/looking-beyond-vision-supports-for-students-who-are-blind-or-visually-impaired-in-mathematics/
45305,2022-07-25,2022,Using Artificial Intelligence (AI) to improve math accessibility for students with visual impairments,Technical brief,Technical / psychometric,Accessibility; Equity; Math & STEM,,Measurement & Psychometrics; NWEA Research,"Kang Xue, Elizabeth Barker",Kang Xue; Elizabeth Barker,author,,0,https://www.nwea.org/uploads/2022/07/Using-Artificial-Intelligence-AI-to-improve-math-accessibility-for-students-with-visual-impairments.technicalbrief.pdf,https://www.nwea.org/research/publication/using-artificial-intelligence-ai-to-improve-math-accessibility-for-students-with-visual-impairments/
45302,2022-07-19,2022,Student achievement in 2021-22: Cause for hope and continued urgency,Research brief,Report / brief,COVID-19 & schools,,NWEA Research,"Megan Kuhfeld, Karyn Lewis",Megan Kuhfeld; Karyn Lewis,author,Megan Kuhfeld; Karyn Lewis,2,https://www.nwea.org/uploads/2022/07/Student-Achievement-in-2021-22-Cause-for-hope-and-concern.researchbrief-1.pdf,https://www.nwea.org/research/publication/student-achievement-in-2021-22-cause-for-hope-and-continued-urgency/
45301,2022-07-19,2022,Technical appendix for: Student achievement in 2021-22: Cause for hope and continued urgency,Technical brief,Technical / psychometric,COVID-19 & schools; Equity,,NWEA Research,"Megan Kuhfeld, Karyn Lewis",Megan Kuhfeld; Karyn Lewis,author,Megan Kuhfeld; Karyn Lewis,2,https://www.nwea.org/uploads/2022/07/Technical-appendix-for-Student-achievement-in-2021-22-Cause-for-hope-and-continued-urgency.pdf,https://www.nwea.org/research/publication/technical-appendix-for-student-achievement-in-2021-22-cause-for-hope-and-continued-urgency/
45300,2022-04-11,2022,Bayesian uncertainty estimation for Gaussian graphical models and centrality indices,Journal article,Journal article,Measurement & scaling,,NWEA Research,"Joran Jongerling, Sacha Epskamp, Donald Williams",Joran Jongerling; Sacha Epskamp; Donald Williams,author,,0,,https://www.nwea.org/research/publication/bayesian-uncertainty-estimation-for-gaussian-graphical-models-and-centrality-indices/
45299,2022-04-11,2022,What do teachers know about dyslexia? It’s complicated!,Journal article,Journal article,Equity; Reading & language arts,,NWEA Research,"Erin K. Washburn, Benjamin C. Heddy, Emily Binks-Cantrell, Tiffany Peltier",Erin K. Washburn; Benjamin C. Heddy; Emily Binks-Cantrell; Tiffany Peltier,author,,0,,https://www.nwea.org/research/publication/what-do-teachers-know-about-dyslexia-its-complicated/
45298,2022-04-11,2022,Changes in school composition during the COVID-19 pandemic: Implications for school-average interim test score use,Research report,Report / brief,COVID-19 & schools; Measurement & scaling,,NWEA Research,"Jonathan Schweig, Megan Kuhfeld, Andrew McEachin, Melissa Diliberti, Louis Mariano",Jonathan Schweig; Megan Kuhfeld; Andrew McEachin; Melissa Diliberti; Louis Mariano,author,Megan Kuhfeld,1,,https://www.nwea.org/research/publication/changes-in-school-composition-during-the-covid-19-pandemic-implications-for-school-average-interim-test-score-use/
45297,2022-04-11,2022,Supporting students with disabilities throughout the year,Journal article,Journal article,Equity; Seasonal learning patterns & summer loss,,NWEA Research,"Elizabeth Barker, Angela Johnson",Elizabeth Barker; Angela Johnson,author,,0,,https://www.nwea.org/research/publication/supporting-students-with-disabilities-throughout-the-year/
45295,2022-03-29,2022,BFpack: Flexible Bayes factor testing of scientific theories in R,Journal article,Journal article,Measurement & scaling,,,"Joris Mulder, Donald Williams, Xin Gu, Andrew Tomarken, Florian Böing-Messing, Anton Olsson-Collentine, Marlyne Meijerink-Bosman, Janosch Menke, Robbie van Aert, Jean-Paul Fox, Herbert Hoijtink, Yves Rosseel, Eric-Jan Wagenmakers, Caspar van Lissa",Joris Mulder; Donald Williams; Xin Gu; Andrew Tomarken; Florian Böing-Messing; Anton Olsson-Collentine; Marlyne Meijerink-Bosman; Janosch Menke; Robbie van Aert; Jean-Paul Fox; Herbert Hoijtink; Yves Rosseel; Eric-Jan Wagenmakers; Caspar van Lissa,author,,0,,https://www.nwea.org/research/publication/bfpack-flexible-bayes-factor-testing-of-scientific-theories-in-r/
45294,2022-03-29,2022,GGMnonreg: Non-regularized Gaussian graphical models in R,Journal article,Journal article,Measurement & scaling,,,Donald Williams,Donald Williams,author,,0,,https://www.nwea.org/research/publication/ggmnonreg-non-regularized-gaussian-graphical-models-in-r/
45292,2022-03-29,2022,Putting the individual into reliability: Bayesian testing of homogeneous within-person variance in hierarchical models,Journal article,Journal article,Measurement & scaling,,NWEA Research,"Donald Williams, Stephen Martin, Phillipe Rast",Donald Williams; Stephen Martin; Phillipe Rast,author,,0,,https://www.nwea.org/research/publication/putting-the-individual-into-reliability-bayesian-testing-of-homogeneous-within-person-variance-in-hierarchical-models/
45291,2022-03-28,2022,Examining the performance of the trifactor model for multiple raters,Journal article,Journal article,Measurement & scaling,,NWEA Research,"James Soland, Megan Kuhfeld",James Soland; Megan Kuhfeld,author,Megan Kuhfeld,1,,https://www.nwea.org/research/publication/examining-the-performance-of-the-trifactor-model-for-multiple-raters/
45290,2022-03-28,2022,Achievement growth in K-8 Catholic schools using NWEA data,Journal article,Journal article,Early learning; Middle school,,NWEA Research,"Julie Dallavis, Megan Kuhfeld, Beth Tarasawa, Stephen Ponisciak",Julie Dallavis; Megan Kuhfeld; Beth Tarasawa; Stephen Ponisciak,author,Megan Kuhfeld; Beth Tarasawa,2,,https://www.nwea.org/research/publication/achievement-growth-in-k-8-catholic-schools-using-nwea-data/
45289,2022-03-28,2022,Identifying students who are off-track academically in 9th grade: The role of social-emotional learning trajectories,Journal article,Journal article,High school; Middle school; Social-emotional learning,,NWEA Research,"James Soland, Megan Kuhfeld",James Soland; Megan Kuhfeld,author,Megan Kuhfeld,1,,https://www.nwea.org/research/publication/identifying-students-who-are-off-track-academically-in-9th-grade-the-role-of-social-emotional-learning-trajectories-journal/
45288,2022-03-28,2022,It matters how you start: Early numeracy mastery predicts high school math course-taking and college attendance,Journal article,Journal article,College & career readiness; Early learning; Math & STEM,,NWEA Research,"Pamela Davis-Kean, Thurston Domina, Megan Kuhfeld, Alexa Ellis, Elizabeth Gershoff",Pamela Davis-Kean; Thurston Domina; Megan Kuhfeld; Alexa Ellis; Elizabeth Gershoff,author,Megan Kuhfeld,1,,https://www.nwea.org/research/publication/it-matters-how-you-start-early-numeracy-mastery-predicts-high-school-math-course-taking-and-college-attendance/
45285,2022-03-25,2022,The forgotten 20 percent: Achievement and growth in rural schools across the nation,Research brief,Report / brief,Equity; Seasonal learning patterns & summer loss,,NWEA Research,"Angela Johnson, Megan Kuhfeld, James Soland",Angela Johnson; Megan Kuhfeld; James Soland,author,Megan Kuhfeld,1,https://www.nwea.org/uploads/2022/03/The-forgotten-20-percent-achievement-and-growth-in-rural-schools-across-the-nation_NWEA_research-brief.pdf,https://www.nwea.org/research/publication/the-forgotten-20-percent-achievement-and-growth-in-rural-schools-across-the-nation-brief/
45284,2022-03-18,2022,Achievement and growth for English Learners,Journal article,Journal article,English Language Learners; Equity; Seasonal learning patterns & summer loss,,NWEA Research,Angela Johnson,Angela Johnson,author,,0,,https://www.nwea.org/research/publication/achievement-and-growth-for-english-learners-journal/
45282,2022-03-18,2022,Achievement and growth for English Learners,Working paper,Working paper / preprint,English Language Learners; Equity; Seasonal learning patterns & summer loss,,NWEA Research,Angela Johnson,Angela Johnson,author,,0,https://www.nwea.org/uploads/Achievement-and-growth-for-English-Learners_Working-Paper.pdf,https://www.nwea.org/research/publication/achievement-and-growth-for-english-learners/
45280,2022-03-08,2022,MAP Reading Fluency theory of action,White paper,Report / brief,Equity; Measurement & scaling,MAP Reading Fluency,Measurement & Psychometrics,Mary Ann Simpson,Mary Ann Simpson,author,,0,https://www.nwea.org/uploads/2021/06/MAP-Reading-Fluency-Theory-of-Action-Infographic-AUG21.pdf,https://www.nwea.org/research/publication/map-reading-fluency-theory-of-action/
45277,2022-03-07,2022,MAP Growth theory of action,White paper,Report / brief,Equity; Measurement & scaling; Test design,MAP Growth,Measurement & Psychometrics,"Patrick Meyer, Michael Dahlin",Patrick Meyer; Michael Dahlin,author,Patrick Meyer,1,https://www.nwea.org/uploads/2022/03/MAP-Growth-theory-of-action_NWEA_whitepaper.pdf,https://www.nwea.org/research/publication/map-growth-theory-of-action/
45255,2022-01-19,2022,An investigation of item parameter invariance using focused calibration samples for MAP Growth,Research report,Report / brief,Computer adaptive testing,MAP Growth,Measurement & Psychometrics,Wei He,Wei He,author,Wei He,1,https://www.nwea.org/uploads/2021/06/MAP-Growth-Item-Calibration-with-Focused-Samples-2021-11-09-1.pdf,https://www.nwea.org/research/publication/an-investigation-of-item-parameter-invariance-using-focused-calibration-samples-for-map-growth/
45253,2022-01-18,2022,MAP Growth item parameter drift study,Research report,Report / brief,Computer adaptive testing,MAP Growth,Measurement & Psychometrics,Wei He,Wei He,author,Wei He,1,https://www.nwea.org/uploads/2021/06/MAP-Growth-Item-Parameter-Drift-2022-01-14.pdf,https://www.nwea.org/research/publication/map-growth-item-parameter-drift-study/
45252,2022-01-13,2022,Proportional relationships decluttered—at last!,White paper,Report / brief,Math & STEM,,,,,author,,0,https://www.nwea.org/uploads/2022/01/Proportional-relationships-decluttered-at-last_NWEA_Whitepaper-1.pdf,https://www.nwea.org/research/publication/proportional-relationships-decluttered-at-last/
45250,2022-01-11,2022,"Achievement and growth norms for course-specific MAP Growth Algebra 1, Geometry, and Algebra 2 tests",Research report,Report / brief,Measurement & scaling,MAP Growth,Measurement & Psychometrics,"Yeow Meng Thum, Wei He",Yeow Meng Thum; Wei He,author,Wei He,1,https://www.nwea.org/uploads/2021/06/2019-MAP-Growth-HS-Math-Norms-Report-FINAL.pdf,https://www.nwea.org/research/publication/achievement-and-growth-norms-for-course-specific-map-growth-algebra-1-geometry-and-algebra-2-tests/
45248,2022-01-11,2022,MAP Growth K-2 item fit analysis study: A follow-up study,Research report,Report / brief,Item response theory,MAP Growth,Measurement & Psychometrics,Wei He,Wei He,author,Wei He,1,https://www.nwea.org/uploads/2021/06/MAP-Growth-K-2-Item-Fit-Analysis_Follow-up-Study-2020-05-05.pdf,https://www.nwea.org/research/publication/map-growth-k-2-item-fit-analysis-study-a-follow-up-study/
45244,2022-01-10,2022,"MAP Growth linking studies: Intended uses, methodology, and recent studies",White paper,Report / brief,,MAP Growth,Measurement & Psychometrics,Ann Hu,Ann Hu,author,Ann Hu,1,https://www.nwea.org/uploads/2021/06/MAP-Growth-Linking-Studies_Uses-Methodology-Recent-Studies-2021-11-15.pdf,https://www.nwea.org/research/publication/map-growth-linking-studies-intended-uses-methodology-and-recent-studies/
45240,2021-12-13,2021,Learning during COVID-19: An update on student achievement and growth at the start of the 2021-22 school year,Research brief,Report / brief,COVID-19 & schools; Equity; Growth modeling,,NWEA Research,"Karyn Lewis, Megan Kuhfeld",Karyn Lewis; Megan Kuhfeld,author,Karyn Lewis; Megan Kuhfeld,2,https://www.nwea.org/uploads/2021/12/Learning-during-COVID19-An-update-on-student-achivement-and-growth-at-the-start-of-the-2021-2022-school-year-Research-Brief-1.pdf,https://www.nwea.org/research/publication/learning-during-covid-19-an-update-on-student-achievement-and-growth-at-the-start-of-the-2021-22-school-year/
45241,2021-12-13,2021,Technical appendix for: Learning during COVID-19: An update on student achievement and growth at the start of the 2021-22 school year,Technical brief,Technical / psychometric,COVID-19 & schools; Equity; Growth modeling,,NWEA Research,"Megan Kuhfeld, Karyn Lewis",Megan Kuhfeld; Karyn Lewis,author,Megan Kuhfeld; Karyn Lewis,2,https://www.nwea.org/uploads/2021/12/Technical-appendix-for-Learning-During-COVID-19-An-update-on-student-achievement-and-growth-at-the-start-of-the-2021-2022-school-year.2022.01.12.pdf,https://www.nwea.org/research/publication/technical-appendix-for-learning-during-covid-19-an-update-on-student-achievement-and-growth-at-the-start-of-the-2021-22-school-year/
45238,2021-11-05,2021,Automated item generation (AIG): A future for more equitable measurement,Presentation,Conference presentation,Item response theory,,Measurement & Psychometrics,"Sarah Miller, Sylvia Scheuring, Abby Javurek, Jake McMillen, Emily Bo, Mary Ann Simpson",Sarah Miller; Sylvia Scheuring; Abby Javurek; Jake McMillen; Emily Bo; Mary Ann Simpson,author,,0,,https://www.nwea.org/research/publication/automated-item-generation-aig-a-future-for-more-equitable-measurement/
45236,2021-11-05,2021,Equating WCPM scores across passages of MAP Reading Fluency,Research report,Report / brief,Measurement & scaling; Reading & language arts,MAP Reading Fluency,Measurement & Psychometrics,"Jing Chen, Mary Ann Simpson",Jing Chen; Mary Ann Simpson,author,,0,https://www.nwea.org/uploads/2021/06/equating-words-correct-per-minute-scores-across-passages-of-MAP-Reading-Fluency_NWEA_researchreport.pdf,https://www.nwea.org/research/publication/equating-words-correct-per-minute-wcpm-scores-across-passages-of-map-reading-fluency/
45235,2021-11-01,2021,The road to COVID recovery: How districts are seizing the once-in-a-generation opportunity to learn from ESSER interventions,Presentation,Conference presentation,COVID-19 & schools; High-growth schools & practices; Informing instruction,,NWEA Research,"David Brackett, Jacob Cortez, Dan Goldhaber, Emily Morton",David Brackett; Jacob Cortez; Dan Goldhaber; Emily Morton,author,Emily Morton,1,,https://www.nwea.org/research/publication/the-road-to-covid-recovery-how-districts-are-seizing-the-once-in-a-generation-opportunity-to-learn-from-esser-interventions/
45234,2021-11-01,2021,Variation in respondent speed and its implications: Evidence from an adaptive testing scenario,Journal article,Journal article,Innovations in reporting & assessment; School & test engagement,,NWEA Research,"Benjamin Domingue, Klint Kanopka, Ben Staug, James Soland, Megan Kuhfeld, Steven Wise, Chris Piech",Benjamin Domingue; Klint Kanopka; Ben Staug; James Soland; Megan Kuhfeld; Steven Wise; Chris Piech,author,Megan Kuhfeld,1,,https://www.nwea.org/research/publication/variation-in-respondent-speed-and-its-implications-evidence-from-an-adaptive-testing-scenario/
45233,2021-11-01,2021,The forgotten 20 percent: Achievement and growth in rural schools across the nation,Journal article,Journal article,Equity; Growth modeling; Seasonal learning patterns & summer loss,,NWEA Research,"Angela Johnson, Megan Kuhfeld, James Soland",Angela Johnson; Megan Kuhfeld; James Soland,author,Megan Kuhfeld,1,,https://www.nwea.org/research/publication/the-forgotten-20-percent-achievement-and-growth-in-rural-schools-across-the-nation/
45232,2021-11-01,2021,Does four equal five? Implementation and outcomes of the four-day school week,Research report,Report / brief,Informing instruction,,NWEA Research,"M. Rebecca Kilburn, Andrea Phillips, Celia Gomez, Louis Mariano, Christopher Doss, Wendy Troxel, Emily Morton, Kevin Estes",M. Rebecca Kilburn; Andrea Phillips; Celia Gomez; Louis Mariano; Christopher Doss; Wendy Troxel; Emily Morton; Kevin Estes,author,Emily Morton,1,,https://www.nwea.org/research/publication/does-four-equal-five-implementation-and-outcomes-of-the-four-day-school-week/
45231,2021-11-01,2021,Schools as refractors: Change in variance in children’s cognitive skills change while in school versus out,Journal article,Journal article,Equity; Seasonal learning patterns & summer loss,,NWEA Research,"Dennis Condron, Douglas Downery, Megan Kuhfeld",Dennis Condron; Douglas Downey; Megan Kuhfeld,author,Megan Kuhfeld,1,,https://www.nwea.org/research/publication/schools-as-refractors-change-in-variance-in-childrens-cognitive-skills-change-while-in-school-versus-out/
45230,2021-11-01,2021,A method for identifying partial test-taking engagement,Journal article,Journal article,Innovations in reporting & assessment; Measurement & scaling; School & test engagement,,NWEA Research,"Steven Wise, Megan Kuhfeld",Steven Wise; Megan Kuhfeld,author,Megan Kuhfeld,1,,https://www.nwea.org/research/publication/a-method-for-identifying-partial-test-taking-engagement/
45229,2021-11-01,2021,Family perceptions of participating in a structured summer kindergarten transition program,Journal article,Journal article,Early learning; Empowering educators,,NWEA Research,"Christopher Merideth, Beth Cavanaugh, Sue Romas, Nicole Ralston, Eva Arias, Beth Tarasawa, Jacqueline Waggoner",Christopher Merideth; Beth Cavanaugh; Sue Romas; Nicole Ralston; Eva Arias; Beth Tarasawa; Jacqueline Waggoner,author,Beth Tarasawa,1,,https://www.nwea.org/research/publication/family-perceptions-of-participating-in-a-structured-summer-kindergarten-transition-program/
45228,2021-11-01,2021,Disparities and discrimination in student discipline by race and family income,Journal article,Journal article,Equity,,NWEA Research,"Nathan Barrett, Andrew McEachin, Jonathan Mills, Jon Valant",Nathan Barrett; Andrew McEachin; Jonathan Mills; Jon Valant,author,,0,,https://www.nwea.org/research/publication/disparities-and-discrimination-in-student-discipline-by-race-and-family-income/
45227,2021-11-01,2021,Predictors and consequences of school mobility in middle childhood,Journal article,Journal article,Middle school; Social-emotional learning,,NWEA Research,"Deborah Lowe Vandell, Megan Kuhfeld, Elizabeth Gershoff, Robert Crosnoe",Deborah Lowe Vandell; Megan Kuhfeld; Elizabeth Gershoff; Robert Crosnoe,author,Megan Kuhfeld,1,,https://www.nwea.org/research/publication/predictors-and-consequences-of-school-mobility-in-middle-childhood/
45225,2021-11-01,2021,Six insights regarding test-taking disengagement,Journal article,Journal article,Measurement & scaling; School & test engagement,,NWEA Research,Steven Wise,Steven Wise,author,,0,,https://www.nwea.org/research/publication/six-insights-regarding-test-taking-disengagement/
45224,2021-11-01,2021,The impact of disengaged test taking on a state’s accountability test results,Journal article,Journal article,Equity; Measurement & scaling; School & test engagement,,NWEA Research,"Steven Wise, Jonghwan (Jay) Lee, Sukkeun Im",Steven Wise; Jonghwan (Jay) Lee; Sukkeun Im,author,,0,,https://www.nwea.org/research/publication/the-impact-of-disengaged-test-taking-on-a-states-accountability-test-results/
45219,2021-07-28,2021,Technical appendix for: Learning during COVID-19: Reading and math achievement in the 2020-2021 school year,Technical brief,Technical / psychometric,COVID-19 & schools; Equity,,NWEA Research,,,author,,0,https://www.nwea.org/uploads/2020/03/Technical-appendix-for-Learning-during-COVID19-Reading-and-math-achievement-in-the-2020-2021-school-year.pdf,https://www.nwea.org/research/publication/technical-appendix-for-learning-during-covid-19-reading-and-math-achievement-in-the-2020-2021-school-year/
45216,2021-07-28,2021,Learning during COVID-19: Reading and math achievement in the 2020-2021 school year,Research brief,Report / brief,COVID-19 & schools; Equity,,NWEA Research,,,author,,0,https://www.nwea.org/uploads/2021/07/Learning-during-COVID-19-Reading-and-math-achievement-in-the-2020-2021-school-year.research-brief-1.pdf,https://www.nwea.org/research/publication/learning-during-covid-19-reading-and-math-achievement-in-the-2020-2021-school-year/
45221,2021-07-23,2021,"Transforming education through COVID-19 recovery and learning acceleration: research findings, policy recommendations, and lessons from the ground",Presentation,Conference presentation,COVID-19 & schools; Equity,,NWEA Research,"Michael Conner, PhD, Beth Tarasawa, Deb Delisle, Janet Murguía, Chris Minnich, Marc Morial","Michael Conner, PhD; Beth Tarasawa; Deb Delisle; Janet Murguía; Chris Minnich; Marc Morial",author,Beth Tarasawa,1,,https://www.nwea.org/research/publication/transforming-education-through-covid-19-recovery-and-learning-acceleration-research-findings-policy-recommendations-and-lessons-from-the-ground/
45211,2021-07-14,2021,Progress monitoring measures in  mathematics: a review of the literature.,Journal article,Journal article,Math & STEM; Measurement & scaling,,,,,author,,0,,https://www.nwea.org/research/publication/progress-monitoring-measures-in-mathematics-a-review-of-the-literature/
45204,2021-06-25,2021,Understanding the initial educational impacts of COVID-19  on communities of color,Research report,Report / brief,COVID-19 & schools; Equity,,NWEA Research,"Megan Kuhfeld, Erik Ruzek, Karyn Lewis, James Soland, Angela Johnson, Beth Tarasawa, Lindsay Dworkin",Megan Kuhfeld; Erik Ruzek; Karyn Lewis; James Soland; Angela Johnson; Beth Tarasawa; Lindsay Dworkin,author,Megan Kuhfeld; Karyn Lewis; Beth Tarasawa,3,https://www.nwea.org/uploads/2020/03/Understanding-the-initial-educational-impacts-of-COVID19-on-communities-of-color.Resear-hBrief.pdf,https://www.nwea.org/research/publication/understanding-the-initial-educational-impacts-of-covid-19-on-communities-of-color/
45202,2021-06-07,2021,Academic growth for students with disabilities: Lessons from school-year learning gains and summer learning loss—Implications for COVID-19 recovery and beyond,Policy brief,Report / brief,COVID-19 & schools; Equity,,NWEA Research,,,author,,0,,https://www.nwea.org/research/publication/academic-growth-for-students-with-disabilities-lessons-from-school-year-learning-gains-and-summer-learning-loss-implications-for-covid-19-recovery-and-beyond/
45201,2021-05-27,2021,Exploring the educational impacts of COVID-19,Data visualization,Blog / web,COVID-19 & schools; Innovations in reporting & assessment,,NWEA Research,Greg King,Greg King,author,,0,,https://www.nwea.org/research/publication/exploring-the-educational-impacts-of-covid-19/
45200,2021-05-27,2021,Understanding differential growth during school years and summers for students in special education,Working paper,Working paper / preprint,Equity; Growth modeling; Seasonal learning patterns & summer loss,,NWEA Research,"Angela Johnson, Elizabeth Barker",Angela Johnson; Elizabeth Barker,author,,0,,https://www.nwea.org/research/publication/understanding-differential-growth-during-school-years-and-summers-for-students-in-special-education-paper/
45197,2021-05-26,2021,Understanding differential growth during school years and summers for students in special education,Research brief,Report / brief,Equity; Growth modeling; Seasonal learning patterns & summer loss,,NWEA Research,"Angela Johnson, Elizabeth Barker",Angela Johnson; Elizabeth Barker,author,,0,https://www.nwea.org/uploads/2021/05/Understanding-differential-growth-during-school-years-and-summers-for-students-in-special-education_NWEA_Research-Brief_Center-for-School-and-Student-Progress.pdf,https://www.nwea.org/research/publication/understanding-differential-growth-during-school-years-and-summers-for-students-in-special-education/
45196,2021-05-24,2021,"Do students rapidly guess repeatedly over time? A longitudinal analysis of student test disengagement, background, and attitudes",Journal article,Journal article,Measurement & scaling; School & test engagement; Social-emotional learning,,NWEA Research,"James Soland, Megan Kuhfeld",James Soland; Megan Kuhfeld,author,Megan Kuhfeld,1,,https://www.nwea.org/research/publication/do-students-rapidly-guess-repeatedly-over-time-a-longitudinal-analysis-of-student-test-disengagement-background-and-attitudes-presentation/
45195,2021-05-24,2021,Avoiding bias from sum scores in growth estimates: An examination of IRT-based approaches to scoring longitudinal survey responses,Journal article,Journal article,Growth modeling; Measurement & scaling; Social-emotional learning,,NWEA Research,"Megan Kuhfeld, James Soland",Megan Kuhfeld; James Soland,author,Megan Kuhfeld,1,,https://www.nwea.org/research/publication/avoiding-bias-from-sum-scores-in-growth-estimates/
45193,2021-05-22,2021,Measuring middle school achievement trajectories for college readiness,Journal article,Journal article,College & career readiness; Equity; Middle school,,NWEA Research,"Angela Johnson, Megan Kuhfeld, Greg King",Angela Johnson; Megan Kuhfeld; Greg King,author,Megan Kuhfeld,1,,https://www.nwea.org/research/publication/measuring-middle-school-achievement-trajectories-for-college-readiness/
45192,2021-05-22,2021,A multi-rater latent growth curve model,Journal article,Journal article,Growth modeling; Measurement & scaling; Social-emotional learning,,NWEA Research,"James Soland, Megan Kuhfeld",James Soland; Megan Kuhfeld,author,Megan Kuhfeld,1,,https://www.nwea.org/research/publication/a-multi-rater-latent-growth-curve-model/
45191,2021-05-21,2021,Comparing different response time threshold setting methods to detect low effort on a large-scale assessment,Journal article,Journal article,School & test engagement,,NWEA Research,"James Soland, Megan Kuhfeld, Joseph Rios",James Soland; Megan Kuhfeld; Joseph Rios,author,Megan Kuhfeld,1,,https://www.nwea.org/research/publication/comparing-different-response-time-threshold-setting-methods-to-detect-low-effort-on-a-large-scale-assessment/
45190,2021-05-21,2021,The learning curve: Revisiting within-year linear growth assumptions,Journal article,Journal article,Growth modeling; Measurement & scaling; Seasonal learning patterns & summer loss,,NWEA Research,"Megan Kuhfeld, James Soland",Megan Kuhfeld; James Soland,author,Megan Kuhfeld,1,,https://www.nwea.org/research/publication/35099/
45188,2021-05-21,2021,"Supporting COVID-19 recovery for students with disabilities: Research findings, policy recommendations, and lessons from the ground",Presentation,Conference presentation,COVID-19 & schools; Equity; Seasonal learning patterns & summer loss,,NWEA Research,"Elizabeth Barker, Angela Johnson, Meghan Whittaker, Esq., Michael K. Yudin, Phillip Lovell, Jeremy Boerner","Elizabeth Barker; Angela Johnson; Meghan Whittaker, Esq.; Michael K. Yudin; Phillip Lovell; Jeremy Boerner",author,,0,,https://www.nwea.org/research/publication/supporting-covid-19-recovery-for-students-with-disabilities-research-findings-policy-recommendations-and-lessons-from-the-ground/
45185,2021-05-21,2021,User guide for interpreting the NWEA state dashboard: Exploring the educational  impacts of COVID-19,White paper,Report / brief,COVID-19 & schools; Innovations in reporting & assessment,,NWEA Research,Greg King,Greg King,author,,0,https://www.nwea.org/uploads/2021/05/User-guide-for-interpreting-the-NWEA-state-dashboard-Exploring-the-educational-impacts-of-COVID-19_NWEA_Guide.2021.07.pdf,https://www.nwea.org/research/publication/user-guide-for-interpreting-the-nwea-state-dashboard-exploring-the-educational-impacts-of-covid-19/
45180,2021-05-20,2021,Robust IRT scaling: Considerations in constructing item bank from tests across years,Presentation paper,Conference paper,Computer adaptive testing; Item response theory; Measurement & scaling,,Measurement & Psychometrics,"Jungnam Kim, Dong-In Kim, Furong Gao",Jungnam Kim; Dong-In Kim; Furong Gao,author,,0,https://www.nwea.org/uploads/2021/06/Robust-IRT-Scaling_NWEA_conferencePaper.pdf,https://www.nwea.org/research/publication/robust-irt-scaling-considerations-in-constructing-item-bank-from-tests-across-years/
45175,2021-05-20,2021,From through-course summative to adaptive through-year models for large-scale assessment: A literature review,Research brief,Report / brief,Computer adaptive testing; Test design,,Measurement & Psychometrics,Garron Gianopulos,Garron Gianopulos,author,,0,https://www.nwea.org/uploads/2021/06/From-Through-Course-Summative-to-Adaptive-Through-Year-Models-for-Large-scale-Assessment_NWEA_literatureReview.pdf,https://www.nwea.org/research/publication/from-through-course-summative-to-adaptive-through-year-models-for-large-scale-assessment-a-literature-review/
45174,2021-05-20,2021,Arguing about the effectiveness of assessments for the classroom,Journal article,Journal article,Learning standards & alignment; Test design,,Measurement & Psychometrics,Garron Gianopulos,Garron Gianopulos,author,,0,,https://www.nwea.org/research/publication/arguing-about-the-effectiveness-of-assessments-for-the-classroom/
45169,2021-05-19,2021,MAP Growth K–2 item fit analysis study,Research report,Report / brief,Item response theory,MAP Growth,Measurement & Psychometrics,Wei He,Wei He,author,Wei He,1,https://www.nwea.org/uploads/2021/06/MAP-Growth-K-2-Item-Fit-Analysis-2019-05-17-V2_NWEA_report.pdf,https://www.nwea.org/research/publication/map-growth-k-2-item-fit-analysis-study/
45167,2021-05-19,2021,A comparison of item parameter estimates in Pychometrik and the existing item calibration tool,Research report,Report / brief,Item response theory,,Measurement & Psychometrics,"Wei He, Patrick Meyer, Russ Grandgeorge, Emily Bo",Wei He; Patrick Meyer; Russ Grandgeorge; Emily Bo,author,Wei He; Patrick Meyer,2,https://www.nwea.org/uploads/2021/06/Pychometrik-Item-Parameter-Estimate-Comparability-Study-2021-01-15_NWEA_report.pdf,https://www.nwea.org/research/publication/a-comparison-of-item-parameter-estimates-in-pychometrik-and-the-existing-item-calibration-tool/
45165,2021-05-19,2021,MAP Growth universal screening benchmarks: Establishing MAP Growth as an effective universal screener,Research report,Report / brief,Guidance,MAP Growth,Measurement & Psychometrics,"Wei He, Patrick Meyer",Wei He; Patrick Meyer,author,Wei He; Patrick Meyer,2,https://www.nwea.org/uploads/MAP-Growth-Universal-Screening-Benchmarks-2021-03-12_NWEA_report-with-Memo.pdf,https://www.nwea.org/research/publication/map-growth-universal-screening-benchmarks-establishing-map-growth-as-an-effective-universal-screener/
45164,2021-05-19,2021,"A large-scale, long-term study of scale drift: The micro view and the macro view",Presentation paper,Conference paper,Computer adaptive testing; Measurement & scaling,,Measurement & Psychometrics,,,author,,0,,https://www.nwea.org/research/publication/a-large-scale-long-term-study-of-scale-drift-the-micro-view-and-the-macro-view/
45162,2021-05-19,2021,Simulation study for evaluating MAP Growth item pools with grade-level constraints,Research report,Report / brief,Computer adaptive testing; Measurement & scaling,,Measurement & Psychometrics,"Xueming (Sylvia) Li, Patrick Meyer",Xueming (Sylvia) Li; Patrick Meyer,author,Xueming (Sylvia) Li; Patrick Meyer,2,https://www.nwea.org/uploads/2021/06/MAP-Growth-Grade-Level-Simulation-Study-2020-01-23_NWEA_report.pdf,https://www.nwea.org/research/publication/simulation-study-for-evaluating-map-growth-item-pools-with-grade-level-constraints/
45161,2021-05-19,2021,A longitudinal study of reading growth for students with visual impairments,Journal article,Journal article,Accessibility; Growth; Reading & language arts,,Measurement & Psychometrics,"Beth Boroson, Elizabeth Barker, Xueming (Sylvia) Li",Beth Boroson; Elizabeth Barker; Xueming (Sylvia) Li,author,Xueming (Sylvia) Li,1,,https://www.nwea.org/research/publication/a-longitudinal-study-of-reading-growth-for-students-with-visual-impairments-2/
45159,2021-05-19,2021,Spanish MAP Growth Reading technical report,Technical report,Technical / psychometric,Assessments in Spanish; Computer adaptive testing; Test design,MAP Growth; MAP Spanish,Measurement & Psychometrics,"Shudong Wang, Patrick Meyer, Carmen Hall, Teresa Krastel, Adam Withycombe",Shudong Wang; Patrick Meyer; Carmen Hall; Teresa Krastel; Adam Withycombe,author,Patrick Meyer,1,https://www.nwea.org/uploads/2021/06/Spanish-MAP-Growth-Reading-Technical-Report-2021-03-17.pdf,https://www.nwea.org/research/publication/spanish-map-growth-reading-technical-report/
45157,2021-05-19,2021,Calibration of Spanish MAP Growth Math tests,Research report,Report / brief,Assessments in Spanish; Item response theory,MAP Growth; MAP Spanish,Measurement & Psychometrics,"Shudong Wang, Xueming (Sylvia) Li",Shudong Wang; Xueming (Sylvia) Li,author,Xueming (Sylvia) Li,1,https://www.nwea.org/uploads/2021/06/Spanish-MAP-Growth-Math-Calibration-2020-06-15_NWEA_report.pdf,https://www.nwea.org/research/publication/calibration-of-spanish-map-growth-math-tests/
45156,2021-05-19,2021,Effects of computerized adaptive test designs on content coverage and efficiency of reading comprehension test with passages aligned to Common Core State Standards,Presentation paper,Conference paper,Computer adaptive testing; Learning standards & alignment; Test design,,Measurement & Psychometrics,"Shudong Wang, Hong Jiao",Shudong Wang; Hong Jiao,author,,0,,https://www.nwea.org/research/publication/effects-of-computerized-adaptive-test-designs-on-content-coverage-and-efficiency-of-reading-comprehension-test-with-passages-aligned-to-common-core-state-standards/
45154,2021-05-19,2021,The effect of nonignorable missing data in computerized adaptive test on item fit statistics for polytomous item response models,Presentation paper,Conference paper,Computer adaptive testing; Item response theory; Measurement & scaling,,Measurement & Psychometrics,"Shudong Wang, Hong Jiao",Shudong Wang; Hong Jiao,author,,0,,https://www.nwea.org/research/publication/the-effect-of-nonignorable-missing-data-in-computerized-adaptive-test-on-item-fit-statistics-for-polytomous-item-response-models/
45153,2021-05-19,2021,Examine construct validity of computerized adaptive test in K–12 assessments,Presentation paper,Conference paper,Computer adaptive testing,,Measurement & Psychometrics,"Shudong Wang, Hong Jiao",Shudong Wang; Hong Jiao,author,,0,https://www.nwea.org/uploads/2014/07/Examine-Construct-Validity-of-Computerized-Adaptive-Test-in-K-12-Assessments.pdf,https://www.nwea.org/research/publication/examine-construct-validity-of-computerized-adaptive-test-in-k-12-assessments/
45147,2021-05-18,2021,"Validation of longitudinal achievement constructs of vertically scaled computerised adaptive tests: a multiple-indicator, latent-growth modelling approach",Journal article,Journal article,Growth modeling; Measurement & scaling,,Measurement & Psychometrics,"Shudong Wang, Hong Jiao, Liru Zhang",Shudong Wang; Hong Jiao; Liru Zhang,author,,0,https://www.nwea.org/uploads/2014/07/Validation-of-longitudinal-achievement-constructs.pdf,https://www.nwea.org/research/publication/validation-of-longitudinal-achievement-constructs-of-vertically-scaled-computerised-adaptive-tests-a-multiple-indicator-latent-growth-modelling-approach/
45146,2021-05-18,2021,Construct validity and measurement invariance of computerized adaptive testing: Application to Measures of Academic Progress (MAP) using confirmatory factor analysis,Journal article,Journal article,Measurement & scaling; Test design,,Measurement & Psychometrics,"Shudong Wang, Marth S. McCall, Hong Jiao, Gregg Harris",Shudong Wang; Marth S. McCall; Hong Jiao; Gregg Harris,author,,0,https://www.nwea.org/uploads/2014/07/Construct-Validity-and-Measurement-Variance.pdf,https://www.nwea.org/research/publication/construct-validity-and-measurement-invariance-of-computerized-adaptive-testing-application-to-measures-of-academic-progress-map-using-confirmatory-factor-analysis/
45145,2021-05-18,2021,A semi-supervised learning-based diagnostic classification method using artificial neural networks,Journal article,Journal article,Measurement & scaling,,Measurement & Psychometrics,"Kang Xue, Laine Bradshaw",Kang Xue; Laine Bradshaw,author,,0,,https://www.nwea.org/research/publication/a-semi-supervised-learning-based-diagnostic-classification-method-using-artificial-neural-networks/
45144,2021-05-18,2021,Predicting the difficulty and response time of multiple choice questions using transfer learning,Journal article,Journal article,Innovations in reporting & assessment,,Measurement & Psychometrics,"Kang Xue, Victoria Yaneva, Christopher Runyon, Peter Baldwin",Kang Xue; Victoria Yaneva; Christopher Runyon; Peter Baldwin,author,,0,,https://www.nwea.org/research/publication/predicting-the-difficulty-and-response-time-of-multiple-choice-questions-using-transfer-learning/
45143,2021-05-18,2021,Semi-supervised learning method for adjusting biased item difficulty estimates caused by nonignorable missingness under 2PL-IRT model,Journal article,Journal article,Measurement & scaling,,,"Kang Xue, Walter Liete, Anne Corrine Huggins-Manley",Kang Xue; Walter Liete; Anne Corrine Huggins-Manley,author,,0,,https://www.nwea.org/research/publication/semi-supervised-learning-method-for-adjusting-biased-item-difficulty-estimates-caused-by-nonignorable-missingness-under-2pl-irt-model-2/
45140,2021-05-18,2021,Comparability of MAP Growth tests administered through different technology and psychometric infrastructure: An engine evaluation study based on empirical data,Research report,Report / brief,Measurement & scaling; Test design,MAP Growth,Measurement & Psychometrics,"Patrick Meyer, Emily Bo",Patrick Meyer; Emily Bo,author,Patrick Meyer,1,https://www.nwea.org/uploads/2021/06/Project-Altair-Engine-Evaluations_MAP-Growth-COLO-CBE-Comparability-2020-09-29_NWEA_report.pdf,https://www.nwea.org/research/publication/comparability-of-map-growth-tests-administered-through-different-technology-and-psychometric-infrastructure-an-engine-evaluation-study-based-on-empirical-data/
45137,2021-05-18,2021,Comparability of MAP Growth tests administered through different technology and psychometric infrastructure: A simulation study,Research report,Report / brief,Measurement & scaling; Test design,MAP Growth,Measurement & Psychometrics,"Ann Hu, Patrick Meyer, May Chien",Ann Hu; Patrick Meyer; May Chien,author,Ann Hu; Patrick Meyer,2,https://www.nwea.org/uploads/2021/06/Project-Altair-Simulations_MAP-Growth-COLO-CBE-Comparability-2021-03-11_NWEA_report.pdf,https://www.nwea.org/research/publication/comparability-of-map-growth-tests-administered-through-different-technology-and-psychometric-infrastructure-a-simulation-study/
45134,2021-05-17,2021,Incorporating person covariates and response times as collateral information to improve person and item parameter estimations,Presentation,Conference presentation,Test design,,Measurement & Psychometrics,"Shudong Wang, Hong Jiao",Shudong Wang; Hong Jiao,author,,0,,https://www.nwea.org/research/publication/incorporating-person-covariates-and-response-times-as-collateral-information-to-improve-person-and-item-parameter-estimations/
45129,2021-03-31,2021,Preparing early learners: Considerations for supporting the kindergarten class of 2021,Research brief,Report / brief,COVID-19 & schools; Early learning; Equity,,NWEA Research,"Beth Tarasawa, Angela Johnson, Christine Yankel",Beth Tarasawa; Angela Johnson; Christine Yankel,author,Beth Tarasawa,1,https://www.nwea.org/uploads/2021/03/Preparing-early-learners-Considerations-for-supporting-the-kindergarten-class-of-2021_NWEA_Research-Collaborative-Brief.pdf,https://www.nwea.org/research/publication/preparing-early-learners-considerations-for-supporting-the-kindergarten-class-of-2021/
45120,2021-02-04,2021,Within-year achievement gains for English Learners,Working paper,Working paper / preprint,English Language Learners; Equity,,NWEA Research,Angela Johnson,Angela Johnson,author,,0,,https://www.nwea.org/research/publication/within-year-achievement-gains-for-english-learners/
45119,2020-12-15,2020,Learning during COVID-19: Initial findings on students’ reading and math achievement and growth,Data visualization,Blog / web,COVID-19 & schools; Equity,,NWEA Research,Dave Moyer,Dave Moyer,author,,0,,https://www.nwea.org/research/publication/learning-during-covid-19-initial-findings-on-students-reading-and-math-achievement-and-growth-visualization/
45118,2020-12-11,2020,"NISS Ingram Olkin Forum: COVID and the Schools: Modeling Openings, Closings, and Learning Loss",Presentation,Conference presentation,COVID-19 & schools; Measurement & scaling,,NWEA Research,Megan Kuhfeld,Megan Kuhfeld,author,Megan Kuhfeld,1,,https://www.nwea.org/research/publication/niss-ingram-olkin-forum-covid-and-the-schools-modeling-openings-closings-and-learning-loss/
45117,2020-12-11,2020,When does inequality grow? A seasonal analysis of racial/ethnic disparities in learning from kindergarten through eighth grade,Journal article,Journal article,Equity; Seasonal learning patterns & summer loss,,NWEA Research,"Megan Kuhfeld, Dennis Condron, Doug Downey",Megan Kuhfeld; Dennis Condron; Douglas Downey,author,Megan Kuhfeld,1,,https://www.nwea.org/research/publication/when-does-inequality-grow-a-seasonal-analysis-of-racial-ethnic-disparities-in-learning-from-kindergarten-through-eighth-grade/
45107,2020-12-01,2020,Learning during COVID-19: Initial findings on students’ reading and math achievement and growth,Research brief,Report / brief,COVID-19 & schools; Equity; Measurement & scaling,,NWEA Research,"Megan Kuhfeld, Beth Tarasawa, Angela Johnson, Erik Ruzek, Karyn Lewis",Megan Kuhfeld; Beth Tarasawa; Angela Johnson; Erik Ruzek; Karyn Lewis,author,Megan Kuhfeld; Beth Tarasawa; Karyn Lewis,3,https://www.nwea.org/uploads/2020/11/Collaborative-brief-Learning-during-COVID-19.NOV2020.pdf,https://www.nwea.org/research/publication/learning-during-covid-19-initial-findings-on-students-reading-and-math-achievement-and-growth/
45105,2020-12-01,2020,Fall 2019 to fall 2020 MAP Growth attrition analysis,Technical brief,Technical / psychometric,COVID-19 & schools; Equity,,NWEA Research,"Angela Johnson, Megan Kuhfeld",Angela Johnson; Megan Kuhfeld,author,Megan Kuhfeld,1,https://www.nwea.org/uploads/2022/10/Technical-brief-Fall-2019-to-fall-2020-MAP-Growth-attrition-analysis-NOV2020.pdf,https://www.nwea.org/research/publication/fall-2019-to-fall-2020-map-growth-attrition-analysis/
45103,2020-12-01,2020,Technical appendix for: Learning during COVID-19: Initial findings on students’ reading and math achievement and growth,Technical brief,Technical / psychometric,COVID-19 & schools; Measurement & scaling,,NWEA Research,,,author,,0,https://www.nwea.org/uploads/2020/03/Technical-brief-Technical-appendix-for-Learning-during-COVID-19-Initial-findings-on-students-reading-and-math-achievement-and-growth-NOV2020.pdf,https://www.nwea.org/research/publication/technical-appendix-for-learning-during-covid-19-initial-findings-on-students-reading-and-math-achievement-and-growth/
45101,2020-12-01,2020,Comparability analysis of remote and in-person MAP Growth testing in fall 2020,Technical brief,Technical / psychometric,COVID-19 & schools; Measurement & scaling; School & test engagement,,NWEA Research,"Megan Kuhfeld, Karyn Lewis, Patrick Meyer, Beth Tarasawa",Megan Kuhfeld; Karyn Lewis; Patrick Meyer; Beth Tarasawa,author,Megan Kuhfeld; Karyn Lewis; Patrick Meyer; Beth Tarasawa,4,https://www.nwea.org/uploads/2020/03/Technical-brief-Comparability-analysis-of-remote-and-inperson-MAP-Growth-testing-in-fall-2020-NOV2020.pdf,https://www.nwea.org/research/publication/comparability-analysis-of-remote-and-in-person-map-growth-testing-in-fall-2020/
45100,2020-11-02,2020,A cessation of measurement: Identifying test taker disengagement using response time,Book,Book,School & test engagement,,NWEA Research,"Steven Wise, Megan Kuhfeld",Steven Wise; Megan Kuhfeld,author,Megan Kuhfeld,1,,https://www.nwea.org/research/publication/a-cessation-of-measurement-identifying-test-taker-disengagement-using-response-time-book/
45097,2020-11-02,2020,Projecting the potential impact of COVID-19 school closures on academic achievement,Journal article,Journal article,COVID-19 & schools; Growth modeling; Seasonal learning patterns & summer loss,,NWEA Research,"Megan Kuhfeld, James Soland, Beth Tarasawa, Angela Johnson, Erik Ruzek, Jing Liu",Megan Kuhfeld; James Soland; Beth Tarasawa; Angela Johnson; Erik Ruzek; Jing Liu,author,Megan Kuhfeld; Beth Tarasawa,2,,https://www.nwea.org/research/publication/projecting-the-potential-impact-of-covid-19-school-closures-on-academic-achievement/
45096,2020-11-02,2020,Growth patterns and distance learning tips for students who are deaf and hard of hearing webinar,Presentation,Conference presentation,Accessibility; Equity; Growth modeling,,NWEA Research,"Stephanie Cawthon, Elizabeth Barker, Johny Daniel, North Cooc, Jessica Meissner",Stephanie Cawthon; Elizabeth Barker; Johny Daniel; North Cooc; Jessica Meissner,author,,0,,https://www.nwea.org/research/publication/growth-patterns-and-distance-learning-tips-for-students-who-are-deaf-and-hard-of-hearing-webinar/
45095,2020-11-02,2020,Dual language education and academic growth,Working paper,Working paper / preprint,English Language Learners; Equity; Seasonal learning patterns & summer loss,,NWEA Research,Angela Johnson,Angela Johnson,author,,0,,https://www.nwea.org/research/publication/dual-language-education-and-academic-growth/
45094,2020-11-02,2020,Dual identification? The effects of English Learner status on special education placement,Working paper,Working paper / preprint,English Language Learners; Equity,,NWEA Research,"Mark Murphy, Angela Johnson",Mark Murphy; Angela Johnson,author,,0,,https://www.nwea.org/research/publication/dual-identification-the-effects-of-english-learner-status-on-special-education-placement/
45093,2020-11-02,2020,Persistence and convergence: The end of kindergarten outcomes of pre-K graduates and their nonattending peers,Journal article,Journal article,Early learning,,NWEA Research,"Erik Ruzek, Arya Ansari, Robert Pianta, Jessica Whittaker, Virginia Vitiello",Erik Ruzek; Arya Ansari; Robert Pianta; Jessica Whittaker; Virginia Vitiello,author,,0,,https://www.nwea.org/research/publication/persistence-and-convergence-the-end-of-kindergarten-outcomes-of-pre-k-graduates-and-their-nonattending-peers/
45092,2020-10-29,2020,Projecting the impact of the COVID-19 spring school closures on student learning,Presentation,Conference presentation,COVID-19 & schools; Growth modeling; Seasonal learning patterns & summer loss,,NWEA Research,Megan Kuhfeld,Megan Kuhfeld,author,Megan Kuhfeld,1,,https://www.nwea.org/research/publication/projecting-the-impact-of-the-covid-19-spring-school-closures-on-student-learning/
45091,2020-10-02,2020,An intelligent CAT that can deal with disengaged test taking,Book,Book,Innovations in reporting & assessment; Measurement & scaling; School & test engagement,,NWEA Research,Steven Wise,Steven Wise,author,,0,,https://www.nwea.org/research/publication/an-intelligent-cat-that-can-deal-with-disengaged-test-taking/
45090,2020-10-02,2020,"Assessment education: Bridging research, theory, and practice to promote equity and student learning",Book,Book,Empowering educators; Equity,,NWEA Research,"Beth Tarasawa, Amelia Gotwals, Cara Jackson",Beth Tarasawa; Amelia Gotwals; Cara Jackson,editor,Beth Tarasawa,1,,https://www.nwea.org/research/publication/assessment-education-bridging-research-theory-and-practice-to-promote-equity-and-student-learning/
45089,2020-10-02,2020,Mind the kinder-gap: New data on children’s math and reading skills as they enter kindergarten,Journal article,Journal article,Early learning; Equity,,NWEA Research,"Christine Pitts, Megan Kuhfeld",Christine Pitts; Megan Kuhfeld,author,Megan Kuhfeld,1,,https://www.nwea.org/research/publication/mind-the-kinder-gap-new-data-on-childrens-math-and-reading-skills-as-they-enter-kindergarten/
45088,2020-10-01,2020,A “Lost Year” of Data? What Disruptions From COVID-19 Mean For Education Research,Presentation,Conference presentation,COVID-19 & schools; Empowering educators; Measurement & scaling,,NWEA Research,"Matthew Soldner, Megan Kuhfeld, Dan Goldhaber, Constance Lindsay, Allison Crean Davis",Matthew Soldner; Megan Kuhfeld; Dan Goldhaber; Constance Lindsay; Allison Crean Davis,author,Megan Kuhfeld,1,,https://www.nwea.org/research/publication/a-lost-year-of-data-what-disruptions-from-covid-19-mean-for-education-research/
45087,2020-10-01,2020,"Do students rapidly guess repeatedly over time? A longitudinal analysis of student test disengagement, background, and attitudes",Presentation,Conference presentation,School & test engagement,,NWEA Research,"James Soland, Steven Wise",James Soland; Steven Wise,author,,0,,https://www.nwea.org/research/publication/do-students-rapidly-guess-repeatedly-over-time-a-longitudinal-analysis-of-student-test-disengagement-background-and-attitudes/
45086,2020-10-01,2020,Using retest data to evaluate and improve effort-moderated scoring,Presentation,Conference presentation,Measurement & scaling; School & test engagement,,NWEA Research,"Steven Wise, Megan Kuhfeld",Steven Wise; Megan Kuhfeld,author,Megan Kuhfeld,1,,https://www.nwea.org/research/publication/using-retest-data-to-evaluate-and-improve-effort-moderated-scoring-presentation/
45085,2020-10-01,2020,Parameter estimation accuracy of the effort-moderated IRT model under multiple assumption violations,Presentation,Conference presentation,Measurement & scaling; School & test engagement,,NWEA Research,"James Soland, Joseph Rios",James Soland; Joseph Rios,author,,0,,https://www.nwea.org/research/publication/parameter-estimation-accuracy-of-the-effort-moderated-irt-model-under-multiple-assumption-violations/
45084,2020-10-01,2020,A cessation of measurement: Identifying test taker disengagement using response time,Presentation,Conference presentation,,,NWEA Research,"Steven Wise, Megan Kuhfeld",Steven Wise; Megan Kuhfeld,author,Megan Kuhfeld,1,,https://www.nwea.org/research/publication/a-cessation-of-measurement-identifying-test-taker-disengagement-using-response-time/
45082,2020-10-01,2020,Identifying students who are off-track academically in 9th grade: The role of social-emotional learning trajectories,Working paper,Working paper / preprint,Growth modeling; Social-emotional learning,,NWEA Research,"James Soland, Megan Kuhfeld",James Soland; Megan Kuhfeld,author,Megan Kuhfeld,1,https://www.nwea.org/uploads/2020/03/workingpaper-identifying-students-who-are-off-track-academically.pdf,https://www.nwea.org/research/publication/identifying-students-who-are-off-track-academically-in-9th-grade-the-role-of-social-emotional-learning-trajectories/
45077,2020-08-25,2020,Correlates of change in elementary students’ perceptions of interactions with their teacher,Journal article,Journal article,Equity; Social-emotional learning,,NWEA Research,"Catherine Corbin, Erik Ruzek, Jason Downer, Amy Lowenstein, Joshua Brown",Catherine Corbin; Erik Ruzek; Jason Downer; Amy Lowenstein; Joshua Brown,author,,0,,https://www.nwea.org/research/publication/correlates-of-change-in-elementary-students-perceptions-of-interactions-with-their-teacher/
45064,2020-08-05,2020,NWEA 2020 MAP Growth Achievement Status and Growth Norms for Students and Schools,White paper,Report / brief,Growth modeling; Measurement & scaling,,NWEA Research,,,author,,0,,https://www.nwea.org/research/publication/nwea-2020-map-growth-achievement-status-and-growth-norms-for-students-and-schools/
45070,2020-08-03,2020,Using retest data to evaluate and improve effort-moderated scoring,Journal article,Journal article,Innovations in reporting & assessment; Measurement & scaling; School & test engagement,,NWEA Research,"Steven Wise, Megan Kuhfeld",Steven Wise; Megan Kuhfeld,author,Megan Kuhfeld,1,,https://www.nwea.org/research/publication/using-retest-data-to-evaluate-and-improve-effort-moderated-scoring/
45069,2020-08-03,2020,Do response styles affect estimates of growth on social-emotional constructs? Evidence from four years of longitudinal survey scores,Journal article,Journal article,Growth modeling; Measurement & scaling; Social-emotional learning,,NWEA Research,"James Soland, Megan Kuhfeld",James Soland; Megan Kuhfeld,author,Megan Kuhfeld,1,,https://www.nwea.org/research/publication/do-response-styles-affect-estimates-of-growth-on-social-emotional-constructs-evidence-from-four-years-of-longitudinal-survey-scores-journal/
45061,2020-06-26,2020,Research partnership map,Data visualization,Blog / web,,,NWEA Research,Greg King,Greg King,author,,0,,https://www.nwea.org/research/publication/research-partnership-map/
45060,2020-06-24,2020,How to promote equity in advanced coursework participation: Three strategies for closing the gaps—and retaining students,Journal article,Journal article,Empowering educators; Equity; High school,,NWEA Research,"Teresa Ketelsen, Beth Tarasawa",Teresa Ketelsen; Beth Tarasawa,author,Beth Tarasawa,1,,https://www.nwea.org/research/publication/how-to-promote-equity-in-advanced-coursework-participation-three-strategies-for-closing-the-gaps-and-retaining-students/
45058,2020-06-12,2020,Looking back: how prior-year attendance impacts starting achievement,Working paper,Working paper / preprint,School & test engagement; Student growth & accountability policies,,NWEA Research,"Shannon Bi, Emily Wolk",Shannon Bi; Emily Wolk,author,,0,https://www.nwea.org/uploads/workingpaper.looking-back-how-prior-year-attendance-impacts-starting-achievement.pdf,https://www.nwea.org/research/publication/looking-back-how-prior-year-attendance-impacts-starting-achievement/
45052,2020-06-09,2020,The impact of test-taking disengagement on item content representation,Research brief,Report / brief,Innovations in reporting & assessment; Measurement & scaling; School & test engagement,,NWEA Research,Steven Wise,Steven Wise,author,,0,https://www.nwea.org/uploads/ResearchbriefImpact-of-test-taking-disengagement.pdf,https://www.nwea.org/research/publication/the-impact-of-test-taking-disengagement-on-item-content-representation-brief/
45051,2020-06-05,2020,Trends in children’s academic skills at school entry: 2010 to 2017,Journal article,Journal article,Early learning; Equity,,NWEA Research,"Megan Kuhfeld, James Soland, Christine Pitts, Margaret Burchinal",Megan Kuhfeld; James Soland; Christine Pitts; Margaret Burchinal,author,Megan Kuhfeld,1,,https://www.nwea.org/research/publication/trends-in-childrens-academic-skills-at-school-entry-2010-to-2017/
45048,2020-06-03,2020,Impacts of school entry age on academic growth through second grade,Research brief,Report / brief,Early learning; Student growth & accountability policies,,NWEA Research,"Angela Johnson, Megan Kuhfeld",Angela Johnson; Megan Kuhfeld,author,Megan Kuhfeld,1,https://www.nwea.org/uploads/researchbrief-impacts-of-school-entry-age-on-academic-growth-through-second-grade-2020.pdf,https://www.nwea.org/research/publication/impacts-of-school-entry-age-on-academic-growth-through-second-grade/
45044,2020-05-27,2020,Catching up or falling behind: Measuring middle school achievement trajectories for college readiness,Working paper,Working paper / preprint,College & career readiness; Middle school; Student growth & accountability policies,,NWEA Research,"Angela Johnson, Megan Kuhfeld, Greg King",Angela Johnson; Megan Kuhfeld; Greg King,author,Megan Kuhfeld,1,,https://www.nwea.org/research/publication/catching-up-or-falling-behind-measuring-middle-school-achievement-trajectories-for-college-readiness/
45043,2020-05-27,2020,The effects of early college opportunities on English Learners,Working paper,Working paper / preprint,English Language Learners; Equity; High school,,NWEA Research,Diana Mercado-Garcia,Diana Mercado-Garcia,author,,0,,https://www.nwea.org/research/publication/the-effects-of-early-college-opportunities-on-english-learners/
45039,2020-05-05,2020,Projecting the potential impacts of COVID-19 school closures on academic achievement,Working paper,Working paper / preprint,COVID-19 & schools; Equity; Seasonal learning patterns & summer loss,,NWEA Research,"Megan Kuhfeld, James Soland, Beth Tarasawa, Angela Johnson, Erik Ruzek, Jing Liu",Megan Kuhfeld; James Soland; Beth Tarasawa; Angela Johnson; Erik Ruzek; Jing Liu,author,Megan Kuhfeld; Beth Tarasawa,2,,https://www.nwea.org/research/publication/projecting-the-potential-impacts-of-covid-19-school-closures-on-academic-achievement/
45033,2020-04-30,2020,Validation and applications of rapid guessing to detect test taker disengagement,(untyped),Unclassified,School & test engagement,,NWEA Research,Steven Wise,Steven Wise,author,,0,,https://www.nwea.org/research/publication/validation-and-applications-of-rapid-guessing-to-detect-test-taker-disengagement/
45028,2020-04-13,2020,COVID-19 closures & learning loss,Presentation,Conference presentation,COVID-19 & schools; Equity; Seasonal learning patterns & summer loss,,NWEA Research,"Beth Tarasawa, Megan Kuhfeld",Beth Tarasawa; Megan Kuhfeld,author,Beth Tarasawa; Megan Kuhfeld,2,,https://www.nwea.org/research/publication/covid-19-closures-learning-loss/
45021,2020-04-09,2020,Technical appendix for The COVID-19 slide: What summer learning loss can tell us about the potential impact of school closures on student academic achievement,Technical brief; White paper,Report / brief; Technical / psychometric,COVID-19 & schools; Equity; Seasonal learning patterns & summer loss,,NWEA Research,"Megan Kuhfeld, Beth Tarasawa",Megan Kuhfeld; Beth Tarasawa,author,Megan Kuhfeld; Beth Tarasawa,2,https://www.nwea.org/uploads/2020/03/COVID-technical-appendix_2020.04.08.pdf,https://www.nwea.org/research/publication/technical-appendix-for-the-covid-19-slide-what-summer-learning-loss-can-tell-us-about-the-potential-impact-of-school-closures-on-student-academic-achievement/
45018,2020-04-08,2020,The COVID-19 slide: What summer learning loss can tell us about the potential impact of school closures on student academic achievement,Research brief,Report / brief,COVID-19 & schools; Equity; Seasonal learning patterns & summer loss,,NWEA Research,"Megan Kuhfeld, Beth Tarasawa",Megan Kuhfeld; Beth Tarasawa,author,Megan Kuhfeld; Beth Tarasawa,2,https://www.nwea.org/uploads/2020/04/Collaborative-Brief_Covid19-Slide-APR20.pdf,https://www.nwea.org/research/publication/the-covid-19-slide-what-summer-learning-loss-can-tell-us-about-the-potential-impact-of-school-closures-on-student-academic-achievement/
45013,2020-04-03,2020,The impact of a technology-enhanced math performance task on student cognitive engagement in mathematics,White paper,Report / brief,Math & STEM; School & test engagement,,NWEA Research,Meg Guerreiro,Meg Guerreiro,author,,0,,https://www.nwea.org/research/publication/the-impact-of-a-technology-enhanced-math-performance-task-on-student-cognitive-engagement-in-mathematics/
45012,2020-04-03,2020,“No fun games”: Engagement effects of two gameful assessment prototypes,Journal article,Journal article,Innovations in reporting & assessment; School & test engagement,,NWEA Research,"Meg Guerreiro, Chase Nordengren",Meg Guerreiro; Chase Nordengren,author,,0,,https://www.nwea.org/research/publication/no-fun-games-engagement-effects-of-two-gameful-assessment-prototypes/
45011,2020-04-03,2020,Instructors’ technology experience and iPad delivered intervention implementation: A mixed methods replication study,Journal article,Journal article,Innovations in reporting & assessment,,NWEA Research,"Lina Shanley, Mari Strand Cary, Ben Clarke, Meg Guerreiro, Michael Thier",Lina Shanley; Mari Strand Cary; Ben Clarke; Meg Guerreiro; Michael Thier,author,,0,,https://www.nwea.org/research/publication/instructors-technology-experience-and-ipad-delivered-intervention-implementation-a-mixed-methods-replication-study/
45010,2020-04-03,2020,Are all biases bad? Collaborative grounded theory in developmental evaluation of education policy,Journal article,Journal article,Innovations in reporting & assessment,,NWEA Research,"Ross Anderson, Meg Guerreiro, Jo Smith",Ross Anderson; Meg Guerreiro; Jo Smith,author,,0,,https://www.nwea.org/research/publication/are-all-biases-bad-collaborative-grounded-theory-in-developmental-evaluation-of-education-policy/
45007,2020-04-02,2020,A longitudinal study of reading growth for students with visual impairments,Journal article,Journal article,Accessibility; Equity; Reading & language arts,,NWEA Research,"Beth Boroson, Elizabeth Barker, Xueming Li",Beth Boroson; Elizabeth Barker; Xueming (Sylvia) Li,author,Xueming (Sylvia) Li,1,,https://www.nwea.org/research/publication/a-longitudinal-study-of-reading-growth-for-students-with-visual-impairments/
45006,2020-04-02,2020,Back-to-school accessibility checklist,Journal article,Journal article,Accessibility,,NWEA Research,Elizabeth Barker,Elizabeth Barker,author,,0,,https://www.nwea.org/research/publication/back-to-school-accessibility-checklist/
44822,2020-04-01,2020,Mapping the road to college,Data visualization,Blog / web,College & career readiness; High school; Innovations in reporting & assessment,,NWEA Research,Greg King,Greg King,author,,0,,https://www.nwea.org/research/publication/mapping-the-road-to-college/
45005,2020-03-31,2020,The learning curve: Revisiting the assumption of linear growth across the school year,Working paper,Working paper / preprint,Growth modeling; Measurement & scaling; Seasonal learning patterns & summer loss,,NWEA Research,"Megan Kuhfeld, James Soland",Megan Kuhfeld; James Soland,author,Megan Kuhfeld,1,,https://www.nwea.org/research/publication/the-learning-curve-revisiting-the-assumption-of-linear-growth-across-the-school-year/
45001,2020-03-31,2020,Self-efficacy and the ELL achievement gap,Presentation,Conference presentation,English Language Learners; Equity; Social-emotional learning,,NWEA Research,James Soland,James Soland,author,,0,,https://www.nwea.org/research/publication/self-efficacy-and-the-ell-achievement-gap/
45000,2020-03-30,2020,The impact of test-taking disengagement on item content representation,Journal article,Journal article,Innovations in reporting & assessment; Measurement & scaling; School & test engagement,,NWEA Research,Steven Wise,Steven Wise,author,,0,,https://www.nwea.org/research/publication/the-impact-of-test-taking-disengagement-on-item-content-representation/
44999,2020-03-30,2020,ELLs on the cusp: Should we reclassify?,Journal article,Journal article,English Language Learners; Equity,,NWEA Research,"Angela Johnson, Claude Goldenberg",Angela Johnson; Claude Goldenberg,author,,0,,https://www.nwea.org/research/publication/ells-on-the-cusp-should-we-reclassify/
44975,2020-03-27,2020,Do response styles affect estimates of growth on social-emotional constructs? Evidence from four years of longitudinal survey scores,Working paper,Working paper / preprint,Growth modeling; Measurement & scaling; Social-emotional learning,,NWEA Research,"James Soland, Megan Kuhfeld",James Soland; Megan Kuhfeld,author,Megan Kuhfeld,1,,https://www.nwea.org/research/publication/do-response-styles-affect-estimates-of-growth-on-social-emotional-constructs-evidence-from-four-years-of-longitudinal-survey-scores/
44973,2020-03-27,2020,Modeling student test-taking motivation in the context of an adaptive achievement test,Working paper,Working paper / preprint,Growth modeling; Measurement & scaling; School & test engagement,,NWEA Research,,,author,,0,https://www.nwea.org/uploads/2020/03/workingpaper-motivation-adaptive-achievement-test-2015.pdf,https://www.nwea.org/research/publication/modeling-student-test-taking-motivation-in-the-context-of-an-adaptive-achievement-test-paper/
44971,2020-03-27,2020,Reconciling long-term education policy goals with short-term school accountability models,Working paper,Working paper / preprint,Growth modeling; Measurement & scaling; Student growth & accountability policies,,NWEA Research,,,author,,0,https://www.nwea.org/uploads/2020/03/workingpaper-reconciling-long-term-education-policy-goals-with-short-term-school-accountability-models-2019.pdf,https://www.nwea.org/research/publication/reconciling-long-term-education-policy-goals-with-short-term-school-accountability-models-paper/
44970,2020-03-27,2020,Estimating student growth on psychological and social-emotional constructs: A comparison of multiple scoring approaches,Working paper,Working paper / preprint,Growth modeling; Social-emotional learning,,NWEA Research,"Megan Kuhfeld, James Soland",Megan Kuhfeld; James Soland,author,Megan Kuhfeld,1,,https://www.nwea.org/research/publication/estimating-student-growth-on-psychological-and-social-emotional-constructs-a-comparison-of-multiple-scoring-approaches/
44968,2020-03-27,2020,"School effectiveness, summer loss, and federal accountability: Applying the compound polynomialmodel in a program evaluation context",Working paper,Working paper / preprint,Growth modeling; Seasonal learning patterns & summer loss; Student growth & accountability policies,,NWEA Research,,,author,,0,https://www.nwea.org/uploads/2020/03/workingpaper-school-effectiveness-summer-loss-and-federal-accountability-2019.pdf,https://www.nwea.org/research/publication/school-effectiveness-summer-loss-and-federal-accountability-applying-the-compound-polynomialmodel-in-a-program-evaluation-context/
44966,2020-03-27,2020,The relationship between test-taking disengagement and performance on MAP Growth retests,Working paper,Working paper / preprint,School & test engagement,,NWEA Research,Steven Wise,Steven Wise,author,,0,https://www.nwea.org/uploads/2020/03/workingpaper-the-relationship-between-test-taking-disengagement-and-performance-on-map-growth-retests-2019.pdf,https://www.nwea.org/research/publication/the-relationship-between-test-taking-disengagement-and-performance-on-map-growth-retests/
44965,2020-03-27,2020,Trends in children’s academic skills at school entry: 2010 – 2017,Working paper,Working paper / preprint,Early learning; Equity,,NWEA Research,"Megan Kuhfeld, James Soland, Christine Pitts, Margaret Burchinal",Megan Kuhfeld; James Soland; Christine Pitts; Margaret Burchinal,author,Megan Kuhfeld,1,,https://www.nwea.org/research/publication/trends-in-childrens-academic-skills-at-school-entry-2010-2017-paper/
44963,2020-03-27,2020,When does inequality grow? A seasonal analysis of racial/ethnic disparities in learning in kindergarten through eighth grade,Working paper,Working paper / preprint,Equity; Seasonal learning patterns & summer loss,,NWEA Research,"Megan Kuhfeld, Dennis Condron, Douglas Downey",Megan Kuhfeld; Dennis Condron; Douglas Downey,author,Megan Kuhfeld,1,https://www.nwea.org/uploads/2020/03/workingpaper-when-does-inequality-grow-2019.pdf,https://www.nwea.org/research/publication/when-does-inequality-grow-a-seasonal-analysis-of-racial-ethnic-disparities-in-learning-in-kindergarten-through-eighth-grade/
44961,2020-03-27,2020,Using assessment metadata to quantify the impact of test disengagement on estimates of educational effectiveness,Working paper,Working paper / preprint,Measurement & scaling; School & test engagement; Student growth & accountability policies,,NWEA Research,"Megan Kuhfeld, James Soland",Megan Kuhfeld; James Soland,author,Megan Kuhfeld,1,https://www.nwea.org/uploads/2020/03/workingpaper-nwea-research-collaborative-metadata-2019.pdf,https://www.nwea.org/research/publication/using-assessment-metadata-to-quantify-the-impact-of-test-disengagement-on-estimates-of-educational-effectiveness-paper/
44960,2020-03-27,2020,Impacts of school entry age on academic growth through 2nd Grade: A multi-state regression discontinuity analysis,Working paper,Working paper / preprint,Early learning; Growth modeling,,NWEA Research,"Angela Johnson, Megan Kuhfeld",Angela Johnson; Megan Kuhfeld,author,Megan Kuhfeld,1,,https://www.nwea.org/research/publication/impacts-of-school-entry-age-on-academic-growth-through-2nd-grade-a-multi-state-regression-discontinuity-analysis/
44957,2020-03-27,2020,"English Language Learners, self-efficacy, and the achievement gap: understanding the relationship between academic and social-emotional growth",Working paper,Working paper / preprint,English Language Learners; Equity; Social-emotional learning,,NWEA Research,James Soland,James Soland,author,,0,https://www.nwea.org/uploads/2020/03/workingpaper-ELL_self-efficacy_and_the_achievement_gap_2020.pdf,https://www.nwea.org/research/publication/english-language-learners-self-efficacy-and-the-achievement-gap-understanding-the-relationship-between-academic-and-social-emotional-growth/
44954,2020-03-27,2020,Absenteeism and achievement,Research brief,Report / brief,School & test engagement,,NWEA Research,,,author,,0,https://www.nwea.org/uploads/2020/03/researchbrief-absenteeism-and-achievement-2019.pdf,https://www.nwea.org/research/publication/absenteeism-and-achievement/
44951,2020-03-27,2020,"School effectiveness, summer loss and federal accountability",Research brief,Report / brief,Growth modeling; Seasonal learning patterns & summer loss; Student growth & accountability policies,,NWEA Research,,,author,,0,https://www.nwea.org/uploads/2020/03/researchbrief-school-effectiveness-summer-loss-and-federal-accountability-2019.pdf,https://www.nwea.org/research/publication/school-effectiveness-summer-loss-and-federal-accountability/
44948,2020-03-27,2020,"English Language Learners, self-efficacy, and the achievement gap",Research brief,Report / brief,English Language Learners; Equity; Social-emotional learning,,NWEA Research,James Soland,James Soland,author,,0,https://www.nwea.org/uploads/2020/03/researchbrief-collaborative-for-student-growth-english-language-learners-self-efficacy-and-the-achievement-gap-2019.pdf,https://www.nwea.org/research/publication/english-language-learners-self-efficacy-and-the-achievement-gap/
44945,2020-03-27,2020,Are achievement gap estimates biased by differential student test effort?,Research brief,Report / brief,Equity; School & test engagement; Social-emotional learning,,NWEA Research,James Soland,James Soland,author,,0,https://www.nwea.org/uploads/2020/03/researchbrief-are-achievement-gap-estimates-biased-by-differential-student-test-effort-2019.pdf,https://www.nwea.org/research/publication/are-achievement-gap-estimates-biased-by-differential-student-test-effort/
44942,2020-03-27,2020,Identifying students who are off-track academically in ninth grade – the role of social-emotional learning trajectories,Research brief,Report / brief,Growth modeling; High-growth schools & practices; Social-emotional learning,,NWEA Research,"James Soland, Megan Kuhfeld",James Soland; Megan Kuhfeld,author,Megan Kuhfeld,1,https://www.nwea.org/uploads/2020/03/researchbrief-identifying-students-who-are-off-track-academically-in-ninth-grade-the-role-of-social-emotional-learning-trajectories-2019.pdf,https://www.nwea.org/research/publication/identifying-students-who-are-off-track-academically-in-ninth-grade-the-role-of-social-emotional-learning-trajectories/
44939,2020-03-27,2020,Measuring social-emotional learning – the tradeoff between measuring narrower skills versus broad competencies,Research brief,Report / brief,Measurement & scaling; Social-emotional learning,,NWEA Research,Megan Kuhfeld,Megan Kuhfeld,author,Megan Kuhfeld,1,https://www.nwea.org/uploads/2020/03/researchbrief-measuring-social-emotional-learning-the-tradeoff-between-measuring-narrower-skills-versus-broad-competencies-2019.pdf,https://www.nwea.org/research/publication/measuring-social-emotional-learning-the-tradeoff-between-measuring-narrower-skills-versus-broad-competencies/
44937,2020-03-27,2020,The impact of technology-enhanced items on test-taker disengagement,Research brief,Report / brief,Innovations in reporting & assessment; School & test engagement,,NWEA Research,"Steven Wise, James Soland, Laurence Dupray",Steven Wise; James Soland; Laurence Dupray,author,,0,https://www.nwea.org/uploads/2022/10/researchbrief-the-impact-of-technology-enhanced-items-on-test-taker-disengagement-2019.pdf,https://www.nwea.org/research/publication/the-impact-of-technology-enhanced-items-on-test-taker-disengagement/
44934,2020-03-27,2020,The impact of proctor notification when students disengage,Research brief,Report / brief,Innovations in reporting & assessment; Measurement & scaling; School & test engagement,,NWEA Research,"Steven Wise, Megan Kuhfeld, James Soland",Steven Wise; Megan Kuhfeld; James Soland,author,Megan Kuhfeld,1,https://www.nwea.org/uploads/2020/03/researchbrief-the-impact-of-proctor-notification-when-students-disengage-2019.pdf,https://www.nwea.org/research/publication/the-impact-of-proctor-notification-when-students-disengage/
44931,2020-03-27,2020,"Are social-emotional learning competencies stable over time? Implications for practice, policy, and evaluation",Research brief,Report / brief,Measurement & scaling; Social-emotional learning; Student growth & accountability policies,,NWEA Research,"James Soland, Megan Kuhfeld, Emily Wolk, Sharon Bi",James Soland; Megan Kuhfeld; Emily Wolk; Sharon Bi,author,Megan Kuhfeld,1,https://www.nwea.org/uploads/2020/03/researchbrief-are-social-emotional-learning-competencies-stable-over-time-implications-for-practice-policy-and-evaluation-2019.pdf,https://www.nwea.org/research/publication/are-social-emotional-learning-competencies-stable-over-time-implications-for-practice-policy-and-evaluation/
44928,2020-03-27,2020,Validating the SEDA measures of district educational opportunities via a common assessment,Research brief,Report / brief,Equity; Growth modeling; Measurement & scaling,,NWEA Research,"Megan Kuhfeld, Thurston Domina, Paul Hanselman",Megan Kuhfeld; Thurston Domina; Paul Hanselman,author,Megan Kuhfeld,1,https://www.nwea.org/uploads/2020/03/researchbrief-the-seda-measures-of-district-educational-opportunities-via-a-common-assessment-2019.pdf,https://www.nwea.org/research/publication/validating-the-seda-measures-of-district-educational-opportunities-via-a-common-assessment-brief/
44925,2020-03-27,2020,Reconciling long-term education policy goals with short-term school accountability models,Research brief,Report / brief,Growth modeling; Seasonal learning patterns & summer loss; Student growth & accountability policies,,NWEA Research,,,author,,0,https://www.nwea.org/uploads/2020/03/researchbrief-csg-research-brief-reconciling-long-term-education-policy-goals-with-short-term-school-accountability-models-2019.pdf,https://www.nwea.org/research/publication/reconciling-long-term-education-policy-goals-with-short-term-school-accountability-models/
44922,2020-03-27,2020,Trends in children’s academic skills at school entry: 2010 –  2017,Research brief,Report / brief,Early learning; Equity,,NWEA Research,"Megan Kuhfeld, James Soland, Christine Pitts, Margaret Burchinal",Megan Kuhfeld; James Soland; Christine Pitts; Margaret Burchinal,author,Megan Kuhfeld,1,https://www.nwea.org/uploads/2020/03/researchbrief-trends-in-childrens-academic-skills-at-school-entry-2019.pdf,https://www.nwea.org/research/publication/trends-in-childrens-academic-skills-at-school-entry-2010-2017/
44919,2020-03-27,2020,What happens when test takers disengage? Understanding and addressing rapid guessing,Research brief,Report / brief,Measurement & scaling; School & test engagement,,NWEA Research,"Steven Wise, Megan Kuhfeld",Steven Wise; Megan Kuhfeld,author,Megan Kuhfeld,1,https://www.nwea.org/uploads/2020/03/researchbrief-what-happens-when-test-takers-disengage-understanding-and-addressing-rapid-guessing-2019.pdf,https://www.nwea.org/research/publication/what-happens-when-test-takers-disengage-understanding-and-addressing-rapid-guessing/
44917,2020-03-27,2020,Measuring the impact of test disengagement on estimates of educational effectiveness,Research brief,Report / brief,Measurement & scaling; School & test engagement; Student growth & accountability policies,,NWEA Research,"Megan Kuhfeld, James Soland",Megan Kuhfeld; James Soland,author,Megan Kuhfeld,1,https://www.nwea.org/uploads/2022/10/researchbrief-collaborative-for-student-growth-measuring-the-impact-of-test-disengagement-on-estimates-of-educational-effectiveness-2019.pdf,https://www.nwea.org/research/publication/measuring-the-impact-of-test-disengagement-on-estimates-of-educational-effectiveness/
44914,2020-03-27,2020,"When does inequality grow? School, summer, and achievement gaps",Research brief,Report / brief,Equity; Seasonal learning patterns & summer loss,,NWEA Research,"Megan Kuhfeld, Dennis Condron, Douglas Downey",Megan Kuhfeld; Dennis Condron; Douglas Downey,author,Megan Kuhfeld,1,https://www.nwea.org/uploads/2020/03/researchbrief-when-does-inequality-grow-school-years-summers-and-achievement-gaps-2019.pdf,https://www.nwea.org/research/publication/when-does-inequality-grow-school-summer-and-achievement-gaps/
44911,2020-03-27,2020,Can item response times provide insight into students’ motivation and self-efﬁcacy in math,Research brief,Report / brief,Math & STEM; School & test engagement; Social-emotional learning,,NWEA Research,James Soland,James Soland,author,,0,https://www.nwea.org/uploads/2020/03/researchbrief-can-item-response-times-provide-insight-into-students-motivation-and-self-ef%EF%AC%81cacy-in-math-2019.pdf,https://www.nwea.org/research/publication/can-item-response-times-provide-insight-into-students-motivation-and-self-ef%ef%ac%81cacy-in-math/
44910,2020-03-27,2020,The utility of adaptive testing in addressing the problem of unmotivated examinees,Journal article,Journal article,Innovations in reporting & assessment; Measurement & scaling; School & test engagement,,NWEA Research,Steven Wise,Steven Wise,author,,0,,https://www.nwea.org/research/publication/the-utility-of-adaptive-testing-in-addressing-the-problem-of-unmotivated-examinees/
44909,2020-03-27,2020,Response time as an indicator of test taker speed: assumptions meet reality,Journal article,Journal article,Innovations in reporting & assessment; Measurement & scaling; School & test engagement,,NWEA Research,Steven Wise,Steven Wise,author,,0,,https://www.nwea.org/research/publication/response-time-as-an-indicator-of-test-taker-speed-assumptions-meet-reality/
44908,2020-03-27,2020,Effort analysis: Individual score validation of achievement test data,Journal article,Journal article,Innovations in reporting & assessment; Measurement & scaling; School & test engagement,,NWEA Research,Steven Wise,Steven Wise,author,,0,,https://www.nwea.org/research/publication/effort-analysis-individual-score-validation-of-achievement-test-data/
44907,2020-03-27,2020,Modeling student test-taking motivation in the context of an adaptive achievement test,Journal article,Journal article,Innovations in reporting & assessment; Measurement & scaling; School & test engagement,,NWEA Research,,,author,,0,,https://www.nwea.org/research/publication/modeling-student-test-taking-motivation-in-the-context-of-an-adaptive-achievement-test/
44906,2020-03-27,2020,A general approach to measuring test-taking effort on computer-based tests,Journal article,Journal article,Innovations in reporting & assessment; Measurement & scaling; Student growth & accountability policies,,NWEA Research,"Steven Wise, Lingyun Gao",Steven Wise; Lingyun Gao,author,,0,,https://www.nwea.org/research/publication/a-general-approach-to-measuring-test-taking-effort-on-computer-based-tests/
44905,2020-03-27,2020,Students improve even amid evaluation controversy,Journal article,Journal article,Student growth & accountability policies,,NWEA Research,,,author,,0,,https://www.nwea.org/research/publication/students-improve-even-amid-evaluation-controversy/
44904,2020-03-27,2020,Propensity score stratification using multilevel models to examine charter school achievement effects,Journal article,Journal article,Measurement & scaling; Student growth & accountability policies,,NWEA Research,"Beth Tarasawa, Yun Xiang",Beth Tarasawa; Yun Xiang,author,Beth Tarasawa,1,,https://www.nwea.org/research/publication/propensity-score-stratification-using-multilevel-models-to-examine-charter-school-achievement-effects/
44903,2020-03-27,2020,An investigation of examinee test-taking effort on a large-scale assessment,Journal article,Journal article,Measurement & scaling; School & test engagement; Student growth & accountability policies,,NWEA Research,"Steven Wise, J. Carl Setzer, Jill R. van den Heuvel, Guangming Ling",Steven Wise; J. Carl Setzer; Jill R. van den Heuvel; Guangming Ling,author,,0,,https://www.nwea.org/research/publication/an-investigation-of-examinee-test-taking-effort-on-a-large-scale-assessment/
44902,2020-03-27,2020,The effective use of student and school descriptive indicators of learning progress: From the conditional growth index to the learning productivity measurement system,Journal article,Journal article,Growth modeling; Measurement & scaling; Student growth & accountability policies,,NWEA Research,,,author,,0,,https://www.nwea.org/research/publication/the-effective-use-of-student-and-school-descriptive-indicators-of-learning-progress-from-the-conditional-growth-index-to-the-learning-productivity-measurement-system/
44901,2020-03-27,2020,Using test scores for teacher evaluation: Why caution is necessary,Journal article,Journal article,Empowering educators; Student growth & accountability policies,,NWEA Research,,,author,,0,,https://www.nwea.org/research/publication/using-test-scores-for-teacher-evaluation-why-caution-is-necessary/
44899,2020-03-27,2020,Relationships between poverty and school performance,Presentation,Conference presentation,Equity; High-growth schools & practices,,NWEA Research,Andrew Hegedus,Andrew Hegedus,author,Andrew Hegedus,1,,https://www.nwea.org/research/publication/relationships-between-poverty-and-school-performance/
44893,2020-03-26,2020,Developing more meaningful definitions of college readiness,Journal article,Journal article,College & career readiness; Empowering educators,,NWEA Research,"John Cronin, Michael Dahlin",John Cronin; Michael Dahlin,author,,0,,https://www.nwea.org/research/publication/developing-more-meaningful-definitions-of-college-readiness/
44892,2020-03-26,2020,Increasing parental involvement of English language learner families: What the research says,Journal article,Journal article,Empowering educators; English Language Learners,,NWEA Research,"Beth Tarasawa, Jacqueline Waggoner",Beth Tarasawa; Jacqueline Waggoner,author,Beth Tarasawa,1,,https://www.nwea.org/research/publication/increasing-parental-involvement-of-english-language-learner-families-what-the-research-says/
44891,2020-03-26,2020,Is Moneyball the next big thing in education?,Journal article,Journal article,Empowering educators; Measurement & scaling,,NWEA Research,James Soland,James Soland,author,,0,,https://www.nwea.org/research/publication/is-moneyball-the-next-big-thing-in-education/
44889,2020-03-26,2020,The phantom collapse of student achievement in New York,Journal article,Journal article,Measurement & scaling,,NWEA Research,"John Cronin, Nate Jensen",John Cronin; Nate Jensen,author,,0,,https://www.nwea.org/research/publication/the-phantom-collapse-of-student-achievement-in-new-york/
44885,2020-03-26,2020,Developing practitioner-scholars though university-school district research partnerships: Multiple perspectives on collaborative research,Journal article,Journal article,Empowering educators,,NWEA Research,"Beth Tarasawa, Nicole Ralson, Jacqueline Waggoner",Beth Tarasawa; Nicole Ralson; Jacqueline Waggoner,author,Beth Tarasawa,1,,https://www.nwea.org/research/publication/developing-practitioner-scholars-though-university-school-district-research-partnerships-multiple-perspectives-on-collaborative-research/
44884,2020-03-26,2020,Is teacher value added a matter of scale? The practical consequences of treating an ordinal scale as interval for estimation of teacher effects,Journal article,Journal article,Measurement & scaling; Student growth & accountability policies,,NWEA Research,James Soland,James Soland,author,,0,,https://www.nwea.org/research/publication/is-teacher-value-added-a-matter-of-scale-the-practical-consequences-of-treating-an-ordinal-scale-as-interval-for-estimation-of-teacher-effects/
44881,2020-03-26,2020,The potential of adaptive assessment,Journal article,Journal article,Innovations in reporting & assessment; Measurement & scaling; Student growth & accountability policies,,NWEA Research,Edward Freeman,Edward Freeman,author,,0,,https://www.nwea.org/research/publication/the-potential-of-adaptive-assessment/
44880,2020-03-26,2020,Evaluating content alignment in computerized adaptive testing,Journal article,Journal article,Measurement & scaling,,NWEA Research,Norman Webb,Norman Webb,author,,0,,https://www.nwea.org/research/publication/evaluating-content-alignment-in-computerized-adaptive-testing/
44878,2020-03-26,2020,Concurrent validity of the independent reading level assessment framework and a state assessment,Journal article,Journal article,Empowering educators; Measurement & scaling; Reading & language arts,,NWEA Research,"Beth Tarasawa, Nicole Ralston, Jacqueline Waggoner, Amy Jackson",Beth Tarasawa; Nicole Ralston; Jacqueline Waggoner; Amy Jackson,author,Beth Tarasawa,1,,https://www.nwea.org/research/publication/concurrent-validity-of-the-independent-reading-level-assessment-framework-and-a-state-assessment/
44876,2020-03-26,2020,"Combining academic, noncognitive, and college knowledge measures to identify students not on track for college: A data-driven approach",Journal article,Journal article,College & career readiness; Empowering educators,,NWEA Research,James Soland,James Soland,author,,0,http://www.rpajournal.com/dev/wp-content/uploads/2017/07/A1.pdf,https://www.nwea.org/research/publication/combining-academic-noncognitive-and-college-knowledge-measures-to-identify-students-not-on-track-for-college-a-data-driven-approach/
44873,2020-03-26,2020,Learning styles: Considerations for technology enhanced item design: Learning styles,Journal article,Journal article,Empowering educators; Innovations in reporting & assessment,,NWEA Research,"Deborah Adkins, Meg Guerreiro",Deborah Adkins; Meg Guerreiro,author,,0,,https://www.nwea.org/research/publication/learning-styles-considerations-for-technology-enhanced-item-design-learning-styles/
44872,2020-03-26,2020,"Rapid‐guessing behavior: Its identification, interpretation, and implications",Journal article,Journal article,Innovations in reporting & assessment; Measurement & scaling; School & test engagement,,NWEA Research,Steven Wise,Steven Wise,author,,0,,https://www.nwea.org/research/publication/rapid%e2%80%90guessing-behavior-its-identification-interpretation-and-implications/
44871,2020-03-26,2020,The emerging science of test-taking disengagement,Journal article,Journal article,Innovations in reporting & assessment; Measurement & scaling; School & test engagement,,NWEA Research,Steven Wise,Steven Wise,author,,0,,https://www.nwea.org/research/publication/the-emerging-science-of-test-taking-disengagement/
44868,2020-03-26,2020,Making teacher goal setting more powerful,Journal article,Journal article,Empowering educators; High-growth schools & practices,,NWEA Research,Andrew Hegedus,Andrew Hegedus,author,Andrew Hegedus,1,,https://www.nwea.org/research/publication/making-teacher-goal-setting-more-powerful/
44867,2020-03-26,2020,Moving from data to making a difference,Journal article,Journal article,Empowering educators; High school; High-growth schools & practices,,NWEA Research,Andrew Hegedus,Andrew Hegedus,author,Andrew Hegedus,1,,https://www.nwea.org/research/publication/moving-from-data-to-making-a-difference/
44866,2020-03-26,2020,An information-based approach to identifying rapid-guessing thresholds,Journal article,Journal article,Measurement & scaling; School & test engagement,,NWEA Research,Steven Wise,Steven Wise,author,,0,,https://www.nwea.org/research/publication/an-information-based-approach-to-identifying-rapid-guessing-thresholds/
44864,2020-03-26,2020,The (non)impact of differential test taker engagement on aggregated scores,Journal article,Journal article,Measurement & scaling; School & test engagement,,NWEA Research,"Steven Wise, James Soland, Yuanchao Bo",Steven Wise; James Soland; Yuanchao Bo,author,,0,,https://www.nwea.org/research/publication/the-nonimpact-of-differential-test-taker-engagement-on-aggregated-scores/
44863,2020-03-26,2020,Identifying disengaged survey responses: New evidence using response time metadata,Journal article,Journal article,Measurement & scaling; School & test engagement,,NWEA Research,"James Soland, Steven Wise, Lingyun Gao",James Soland; Steven Wise; Lingyun Gao,author,,0,,https://www.nwea.org/research/publication/identifying-disengaged-survey-responses-new-evidence-using-response-time-metadata/
44860,2020-03-26,2020,"The effects of effort monitoring with proctor notification on test-taking engagement, test performance, and validity",Journal article,Journal article,Innovations in reporting & assessment; Measurement & scaling; School & test engagement,,NWEA Research,"Steven Wise, Megan Kuhfeld, James Soland",Steven Wise; Megan Kuhfeld; James Soland,author,Megan Kuhfeld,1,,https://www.nwea.org/research/publication/the-effects-of-effort-monitoring-with-proctor-notification-on-test-taking-engagement-test-performance-and-validity/
44859,2020-03-26,2020,A path to completion? The impacts of statewide articulation agreements on enrollment and attainment,White paper,Report / brief,College & career readiness,,NWEA Research,Greg King,Greg King,author,,0,,https://www.nwea.org/research/publication/a-path-to-completion-the-impacts-of-statewide-articulation-agreements-on-enrollment-and-attainment/
44858,2020-03-26,2020,Seven successful strategies for literate assessment,Journal article,Journal article,Empowering educators; High-growth schools & practices,,NWEA Research,"Beth Tarasawa, Amelia Wenk Gotwals, Cara Jackson",Beth Tarasawa; Amelia Gotwals; Cara Jackson,author,Beth Tarasawa,1,,https://www.nwea.org/research/publication/seven-successful-strategies-for-literate-assessment/
44855,2020-03-26,2020,Finding root causes effectively: A powerful way to improve schools,White paper,Report / brief,High-growth schools & practices,,NWEA Research,Andrew Hegedus,Andrew Hegedus,author,Andrew Hegedus,1,,https://www.nwea.org/research/publication/finding-root-causes-effectively-a-powerful-way-to-improve-schools/
44857,2020-03-26,2020,"Controlling construct-irrelevant factors through computer-based testing: Disengagement, anxiety, & cheating",Journal article,Journal article,Innovations in reporting & assessment; Measurement & scaling; School & test engagement,,NWEA Research,Steven Wise,Steven Wise,author,,0,,https://www.nwea.org/research/publication/controlling-construct-irrelevant-factors-through-computer-based-testing-disengagement-anxiety-cheating/
44854,2020-03-26,2020,Are test and academic disengagement related? Implications for measurement and practice,Journal article,Journal article,High school; School & test engagement; Social-emotional learning,,NWEA Research,"Emily Wolk, Sharon Bi, Tran Keys",Emily Wolk; Sharon Bi; Tran Keys,author,,0,,https://www.nwea.org/research/publication/are-test-and-academic-disengagement-related-implications-for-measurement-and-practice/
44853,2020-03-26,2020,Predicting time to reclassification for English learners: A joint modeling approach,Journal article,Journal article,English Language Learners; Measurement & scaling,,NWEA Research,"Tyler Matta, James Soland",Tyler H. Matta; James Soland,author,Tyler H. Matta,1,,https://www.nwea.org/research/publication/predicting-time-to-reclassification-for-english-learners-a-joint-modeling-approach/
44852,2020-03-26,2020,The achievement gap or the engagement gap? Investigating the sensitivity of gaps estimates to test motivation,Journal article,Journal article,Equity; School & test engagement; Student growth & accountability policies,,NWEA Research,James Soland,James Soland,author,,0,,https://www.nwea.org/research/publication/the-achievement-gap-or-the-engagement-gap-investigating-the-sensitivity-of-gaps-estimates-to-test-motivation/
44851,2020-03-26,2020,Are achievement gap estimates biased by differential student test effort? Putting an important policy metric to the test.,Journal article,Journal article,Equity; School & test engagement,,NWEA Research,James Soland,James Soland,author,,0,,https://www.nwea.org/research/publication/are-achievement-gap-estimates-biased-by-differential-student-test-effort-putting-an-important-policy-metric-to-the-test/
44850,2020-03-26,2020,The influence of rapidly guessed item responses on teacher value-added estimates: Implications for policy and practice,Journal article,Journal article,School & test engagement; Student growth & accountability policies,,NWEA Research,Andrew Rice,Andrew Rice,author,,0,,https://www.nwea.org/research/publication/the-influence-of-rapidly-guessed-item-responses-on-teacher-value-added-estimates-implications-for-policy-and-practice/
44849,2020-03-26,2020,The development of racial/ethnic and socioeconomic achievement gaps during the school years,Journal article,Journal article,Equity; Growth modeling,,NWEA Research,"Megan Kuhfeld, Elizabeth Gershoff, Katherine Paschall",Megan Kuhfeld; Elizabeth Gershoff; Katherine Paschall,author,Megan Kuhfeld,1,,https://www.nwea.org/research/publication/the-development-of-racial-ethnic-and-socioeconomic-achievement-gaps-during-the-school-years/
44844,2020-03-26,2020,Evaluating the relationships between poverty and school performance,White paper,Report / brief,Equity; High-growth schools & practices,,NWEA Research,Andrew Hegedus,Andrew Hegedus,author,Andrew Hegedus,1,https://www.nwea.org/uploads/2020/03/NWEA_Hegedus_evaluating-the-relationships-between-poverty-and-school-performance_whitepaper.pdf,https://www.nwea.org/research/publication/evaluating-the-relationships-between-poverty-and-school-performance-whitepaper/
44848,2020-03-26,2020,Summer credit recovery impact on newcomer English Learners,Journal article,Journal article,College & career readiness; English Language Learners,,NWEA Research,Angela Johnson,Angela Johnson,author,,0,,https://www.nwea.org/research/publication/summer-credit-recovery-impact-on-newcomer-english-learners/
44847,2020-03-26,2020,"Modeling academic achievement and self-efficacy as joint developmental processes: Evidence for education, counseling, and policy",Journal article,Journal article,Growth modeling; Social-emotional learning; Student growth & accountability policies,,NWEA Research,James Soland,James Soland,author,,0,,https://www.nwea.org/research/publication/modeling-academic-achievement-and-self-efficacy-as-joint-developmental-processes-evidence-for-education-counseling-and-policy/
44843,2020-03-26,2020,The impact of English Learner reclassification on high school reading and academic progress,Journal article,Journal article,English Language Learners; High-growth schools & practices; Reading & language arts,,NWEA Research,Angela Johnson,Angela Johnson,author,,0,,https://www.nwea.org/research/publication/the-impact-of-english-learner-reclassification-on-high-school-reading-and-academic-progress/
44842,2020-03-26,2020,Do high flyers maintain their altitude? Performance trends of top students,White paper,Report / brief,Equity; High-growth schools & practices,,NWEA Research,"Yun Xiang, Michael Dahlin, John Cronin, Robert Theaker, Sarah Durant",Yun Xiang; Michael Dahlin; John Cronin; Robert Theaker; Sarah Durant,author,,0,,https://www.nwea.org/research/publication/do-high-flyers-maintain-their-altitude-performance-trends-of-top-students/
44841,2020-03-26,2020,Advancing educational quality in Rwanda: Improving teachers’ literacy pedagogy and print environments,Journal article,Journal article,Early learning; Empowering educators; Reading & language arts,,NWEA Research,"Angela Johnson, Catherine Galloway, Elliot Friedlander, Claude Goldenberg",Angela Johnson; Catherine Galloway; Elliot Friedlander; Claude Goldenberg,author,,0,,https://www.nwea.org/research/publication/advancing-educational-quality-in-rwanda-improving-teachers-literacy-pedagogy-and-print-environments/
44840,2020-03-26,2020,A level playing field: College readiness standards,White paper,Report / brief,College & career readiness; Equity,,NWEA Research,"Michael Dahlin, Beth Tarasawa",Michael Dahlin; Beth Tarasawa,author,Beth Tarasawa,1,https://www.nwea.org/uploads/A-Level-Playing-Field.pdf,https://www.nwea.org/research/publication/a-level-playing-field-college-readiness-standards-whitepaper/
44839,2020-03-26,2020,The prevalence of parent-teacher interaction in developing countries and its effect on student outcomes,Journal article,Journal article,Empowering educators; High-growth schools & practices,,NWEA Research,"Guirong Li, Millie Lin, Chengfang Liu, Angela Johnson, Yanyan Li, Prashant Loyalka",Guirong Li; Millie Lin; Chengfang Liu; Angela Johnson; Yanyan Li; Prashant Loyalka,author,,0,,https://www.nwea.org/research/publication/the-prevalence-of-parent-teacher-interaction-in-developing-countries-and-its-effect-on-student-outcomes/
44838,2020-03-26,2020,A posterior predictive model checking method assuming posterior normality for item response theory,Journal article,Journal article,Growth modeling,,NWEA Research,Megan Kuhfeld,Megan Kuhfeld,author,Megan Kuhfeld,1,,https://www.nwea.org/research/publication/a-posterior-predictive-model-checking-method-assuming-posterior-normality-for-item-response-theory/
44835,2020-03-26,2020,"Examining the state-trait composition of social-emotional learning constructs: Implications for practice, policy, and evaluation",Journal article,Journal article,Measurement & scaling; Social-emotional learning; Student growth & accountability policies,,NWEA Research,"James Soland, Megan Kuhfeld, Emily Wolk, Sharon Bi",James Soland; Megan Kuhfeld; Emily Wolk; Sharon Bi,author,Megan Kuhfeld,1,,https://www.nwea.org/research/publication/examining-the-state-trait-composition-of-social-emotional-learning-constructs-implications-for-practice-policy-and-evaluation/
44832,2020-03-26,2020,Using assessment metadata to quantify the impact of test disengagement on estimates of educational effectiveness,Journal article,Journal article,Measurement & scaling; School & test engagement; Student growth & accountability policies,,NWEA Research,"Megan Kuhfeld, James Soland",Megan Kuhfeld; James Soland,author,Megan Kuhfeld,1,,https://www.nwea.org/research/publication/using-assessment-metadata-to-quantify-the-impact-of-test-disengagement-on-estimates-of-educational-effectiveness/
44831,2020-03-26,2020,The changing landscape of assessment and accommodation policies,Journal article,Journal article,Accessibility; Equity; Student growth & accountability policies,,NWEA Research,Elizabeth Barker,Elizabeth Barker,author,,0,https://ace-ed.org/wp-content/uploads/2019/08/August-2019-optimized.pdf,https://www.nwea.org/research/publication/the-changing-landscape-of-assessment-and-accommodation-policies/
44830,2020-03-26,2020,Validating the SEDA measures of district educational opportunities via a common assessment,Journal article,Journal article,Equity; Growth modeling; Measurement & scaling,,NWEA Research,"Megan Kuhfeld, Thurston Domina, Paul Hanselman",Megan Kuhfeld; Thurston Domina; Paul Hanselman,author,Megan Kuhfeld,1,,https://www.nwea.org/research/publication/validating-the-seda-measures-of-district-educational-opportunities-via-a-common-assessment/
44828,2020-03-26,2020,A matter of time: variations in high school course-taking by years-as-EL subgroup,Journal article,Journal article,English Language Learners; Equity,,NWEA Research,Angela Johnson,Angela Johnson,author,,0,,https://www.nwea.org/research/publication/a-matter-of-time-variations-in-high-school-course-taking-by-years-as-el-subgroup/
44827,2020-03-26,2020,"Rethinking summer slide: The more you gain, the more you lose",Journal article,Journal article,Equity; Seasonal learning patterns & summer loss,,NWEA Research,Megan Kuhfeld,Megan Kuhfeld,author,Megan Kuhfeld,1,,https://www.nwea.org/research/publication/rethinking-summer-slide-the-more-you-gain-the-more-you-lose/
44826,2020-03-26,2020,Three measures of test adaptation based on optimal test information,Journal article,Journal article,Measurement & scaling,,NWEA Research,,,author,,0,,https://www.nwea.org/research/publication/three-measures-of-test-adaptation-based-on-optimal-test-information/
44825,2020-03-26,2020,Identifying naturally occurring direct assessments of social-emotional competencies: The promise and limitations of survey and assessment disengagement metadata,Journal article,Journal article,Innovations in reporting & assessment; School & test engagement; Social-emotional learning,,NWEA Research,"James Soland, Gema Zamarro, Albert Cheng, Collin Hitt",James Soland; Gema Zamarro; Albert Cheng; Collin Hitt,author,,0,,https://www.nwea.org/research/publication/identifying-naturally-occurring-direct-assessments-of-social-emotional-competencies-the-promise-and-limitations-of-survey-and-assessment-disengagement-metadata/
44824,2020-03-26,2020,Can item response times provide insight into students’ motivation and self-efficacy in math? An initial application of test metadata to understand students’ social emotional needs,Journal article,Journal article,Math & STEM; School & test engagement; Social-emotional learning,,NWEA Research,James Soland,James Soland,author,,0,,https://www.nwea.org/research/publication/can-item-response-times-provide-insight-into-students-motivation-and-self%e2%80%90efficacy-in-math-an-initial-application-of-test-metadata-to-understand-students-social-emotional-needs/
44817,2020-03-26,2020,Evaluating the relationships between poverty and school performance,Data visualization,Blog / web,Equity; High-growth schools & practices,,NWEA Research,Andrew Hegedus,Andrew Hegedus,author,Andrew Hegedus,1,,https://www.nwea.org/research/publication/evaluating-the-relationships-between-poverty-and-school-performance/
44820,2020-03-26,2020,Positionality in teaching: Implications for advancing social justice,Journal article,Journal article,Equity,,NWEA Research,"Angelica Paz Ortiz, Beth Tarasawa, Jack Straton, Noelle Al-Mustaifry, Anmarie Trimble",Angelica Paz Ortiz; Beth Tarasawa; Jack Straton; Noelle Al-Mustaifry; Anmarie Trimble,author,Beth Tarasawa,1,,https://www.nwea.org/research/publication/positionality-in-teaching-implications-for-advancing-social-justice/
